QF3001	IMRAN MAVINAKATT	TQS	A ZONE
QF3002	SYD SWABAH	TQS	A ZONE
QF3003	MIDLAJ MANGAD	TQS	A ZONE
QF3004	KABEER KUTTOTH	TQS	A ZONE
QF3005	MUBASHIR POONOOR	TQS	A ZONE
QF3006	UVAIS ARUVAL	TQS	A ZONE
QF3007	MUHAMMED UVAIS AM  	S4	A ZONE
QF3008	MOHAMMAD RASHID KA  	S4	A ZONE
QF3009	ABDUL FATHAH TM  	S4	A ZONE
QF3010	ABDUL KADIR.K  	S4	A ZONE
QF3011	MOHAMMED FARAZ  	S4	A ZONE
QF3012	AFTHAB HUSSAIN TT  	S4	A ZONE
QF3013	ABDUL KHADAR SINAN  	S4	A ZONE
QF3014	ABDUL VADOOD KP  	S4	A ZONE
QF3015	MUHAMMED UNAIS  	S4	A ZONE
QF3016	MAHAMMAD KHALLAD  	S4	A ZONE
QF3017	IRSHAD CV  	S4	A ZONE
QF3018	KP MUHAMMAD ASHIK  	S4	A ZONE
QF3019	MUHAMMED ZAKKIYUDHEEN CM  	S4	A ZONE
QF3020	SAVAD PM  	S4	A ZONE
QF3021	RAMSHAD KK  	S4	A ZONE
QF3022	AHMADUN NOOR E	S4	A ZONE
QF3023	NIZAMUDHEEN 	UT4	A ZONE
QF3024	IMTHIYAZ 	UT4	A ZONE
QF3025	ASHIQ MUNDAMBRA 	UT4	A ZONE
QF3026	NOORUL AMEEN 	UT4	A ZONE
QF3027	RINSHAD K 	UT4	A ZONE
QF3028	ANAS CP 	UT4	A ZONE
QF3029	SEYYID ZUHAIR 	UT4	A ZONE
QF3030	RINSHAD NARIKKUNI	UT4	A ZONE
QF3031	SHAKIR PARAVOOR 	UT4	A ZONE
QF3032	AMEEN PULLANNOOR	UT4	A ZONE
QF3033	IRFAN PALLAPPADY	UT4	A ZONE
QF3034	GAFOOR MUHAMMED KHAN	UH4	A ZONE
QF3035	MUHAMMED JAVAD CK	UH4	A ZONE
QF3036	AYYOOB MA	UH4	A ZONE
QF3037	UVAIS CP	UH4	A ZONE
QF3038	MUHAMMAD SABITH PK	UH4	A ZONE
QF3039	HAFIZ MUHAMMED JUNAID PT	UH4	A ZONE
QF3040	MUHAMMED SUFYAN K	UH4	A ZONE
QF3041	MUHAMMED HASAN K	UH4	A ZONE
QF3042	MUHAMMAD AFSAR	UH4	A ZONE
QF3043	MUHAMMED SUHIAL P	UH4	A ZONE
QF3044	INZIMAMUL HAQ ATHANIYA	UH4	A ZONE
QF3045	ANWAR ATA	UH4	A ZONE
QF3046	TABREJ ALAM	UH4	A ZONE
QF3047	HASNAIN RAZA	UH4	A ZONE
QF3048	SOUBAN HAMDANI	ID4	A ZONE
QF3049	LUKUMAN DHEEP	ID4	A ZONE
QF3050	SUHAIL VALANJERI 	ID4	A ZONE
QF3051	JUNAID PATHINARUNGAL	ID4	A ZONE
QF3052	AMEER SHA 	ID4	A ZONE
QF3053	HAFIL RABEEU	ID4	A ZONE
QF3054	ANSARI 	ID4	A ZONE
QF3055	MASHOOD KODUVALLI 	ID4	A ZONE
QF3056	MAQDHOOM	ID4	A ZONE
QF3057	MASHOOD 	ID4	A ZONE
QF3058	SHIBIN	ID4	A ZONE
QF3059	JASIR	ID4	A ZONE
QF3060	FELULURAHMAN	ID4	A ZONE
QF3061	ASIM MK	ID4	A ZONE
QF3062	SAWAD MELMURI	ID4	A ZONE
QF3063	RIZWAN 	ID4	A ZONE
QF3064	THAJUDEEN 	ID4	A ZONE
QF3065	SHAMIL PAYYOLI	ID4	A ZONE
QF3066	SIDEEQ CHEVAR 	ID4	A ZONE
QF3067	SALMAN ERNAKULAM	ID4	A ZONE
QF3068	MUSHTHAFA VILAYUR	NF4	A ZONE
QF3069	THAMEEM	NF4	A ZONE
QF3070	MUHSIN BALLOR	NF4	A ZONE
QF3071	AJHAR KOTTUKARA	NF4	A ZONE
QF3072	SUHAIL MAMBAD	NF4	A ZONE
QF3073	KAREEM	NF4	A ZONE
QF3074	JASIR KODAG	NF4	A ZONE
QF3075	SINANUL AMEEN 	NF4	A ZONE
QF3076	MUHAMMED SALIM 	NF4	A ZONE
QF3077	DAVOODUL HAKEEM 	NF4	A ZONE
QF3078	ZAID 	NF4	A ZONE
QF3079	MUNNAVAR 	NF4	A ZONE
QF3080	SHAFEEQ 	NF4	A ZONE
QF3081	MIDHLAJ MARUTHA	NF4	A ZONE
QF3082	FAZAL NILESHWARAM	NF4	A ZONE
QF3083	ANWAR JAMAL 	NF4	A ZONE
QF3084	MUHSIN SABITH 	NF4	A ZONE
QF3085	ABDU RAHMAN 	NF4	A ZONE
QF3086	HASHIR GUNAJE 	NF4	A ZONE
QF3087	AHMAD JALAL	NF4	A ZONE
QF3088	SHAMNAD 	NF4	A ZONE
QF3089	SHAMEEM	NF4	A ZONE
QF3090	MD ROMJAN AHMED	L4	A ZONE
QF3091	NAZIR	L4	A ZONE
QF3092	MD SAJID RAZA	L4	A ZONE
QF3093	MOHD MAHTAB	L4	A ZONE
QF3094	MASUD ALI	L4	A ZONE
QF3095	M.MUZZAMMIL RAZAVI	L4	A ZONE
QF3096	ATIF RAZA	L4	A ZONE
QF3097	MOHAMMED NAWSHEER	L4	A ZONE
QF3098	HAFIZ MIR ZAHID	L4	A ZONE
QF3099	YASIR RILWAN 	S3	B ZONE
QF3100	ASLAM 	S3	B ZONE
QF3101	SALIM	S3	B ZONE
QF3102	ISMAEEL PARAPPU	S3	B ZONE
QF3103	SALIM TALAYAD 	S3	B ZONE
QF3104	SHAREEK 	S3	B ZONE
QF3105	SINAN TURAKKAL 	S3	B ZONE
QF3106	BASIL PARAPPUTHADAM	S3	B ZONE
QF3107	JUNAID PANDIYATTUPURAM	S3	B ZONE
QF3108	MUJTHABA	S3	B ZONE
QF3109	SAMSHAD	S3	B ZONE
QF3110	ABOOBACKER HASHIK KVNR	S3	B ZONE
QF3111	MUHAMMED KADAVATHUR	S3	B ZONE
QF3112	SHANIL ATHAVANAD	S3	B ZONE
QF3113	SULTHAN ABOOBTWAHIR	S3	B ZONE
QF3114	SHIBILI	S3	B ZONE
QF3115	THASLEEMUDHEEN.K	UT3	B ZONE
QF3116	MOHAMMED SAHADUDDEEN	UT3	B ZONE
QF3117	MUHAMMED ASHIQ C	UT3	B ZONE
QF3118	AHMED SWALAH	UT3	B ZONE
QF3119	MUHAMMED SAFWAN GUDALLUR 	UT3	B ZONE
QF3120	ABDUL HADI BA	UT3	B ZONE
QF3121	MUHAMMED NIZAMUDHIN.FM 	UT3	B ZONE
QF3122	AMEEN	UT3	B ZONE
QF3123	MANSOOR	UT3	B ZONE
QF3124	CH SHAMSUDHEEN	UT3	B ZONE
QF3125	MIDLAJ TP	UT3	B ZONE
QF3126	NAFIH 	UT3	B ZONE
QF3127	SALMAN FARIS PP	UT3	B ZONE
QF3128	MUHAMMED SAFWAN ARAKKUPARAMBA	UT3	B ZONE
QF3129	RAMEEZ	UH3	B ZONE
QF3130	YUNUS. K	UH3	B ZONE
QF3131	ABDUL BARI. P	UH3	B ZONE
QF3132	SAHAD. KP	UH3	B ZONE
QF3133	NOUSHAD	UH3	B ZONE
QF3134	SHUHAIB	UH3	B ZONE
QF3135	IBRAHIM KHALEEL	UH3	B ZONE
QF3136	NIYAZ	UH3	B ZONE
QF3137	HAFIZ RABEEH	UH3	B ZONE
QF3138	FAYIS MUHAMMED 	UH3	B ZONE
QF3139	HASANIL AMEEN	UH3	B ZONE
QF3140	YASEEN ABDUL QADIR NAGAR	UH3	B ZONE
QF3141	ABDUL ALEEM ALI CHANDPUR	UH3	B ZONE
QF3142	GULAM NABI GAIBIPUR	UH3	B ZONE
QF3143	MOHAMMAD NADEEM MIRA ROAD EAST 	UH3	B ZONE
QF3144	MD SHAKIL AKHTHAR HORINKOL	UH3	B ZONE
QF3145	MOHAMMAD NOORULAIN MUNDIA NASEER	UH3	B ZONE
QF3146	SALMANUL FARIS VENGARA	ID3	B ZONE
QF3147	SINAN VK KANTHAPURAM 	ID3	B ZONE
QF3148	NISAMUDHEEN KOOTTAVIL	ID3	B ZONE
QF3149	SINAN NELLIPPARAMB 	ID3	B ZONE
QF3150	IDREES PERUMUGAM	ID3	B ZONE
QF3151	SABEER RASHEED EDAVETTY 	ID3	B ZONE
QF3152	MUNZIR SALETHUR 	ID3	B ZONE
QF3153	YOUNUS KK MALIKKUNN	ID3	B ZONE
QF3154	HASHIM CHEVAR 	ID3	B ZONE
QF3155	HAMZA PAZHAYA LAKKIDI 	ID3	B ZONE
QF3156	SINAN CHAILILKUNDU 	ID3	B ZONE
QF3157	MUFEED VILAYUR 	ID3	B ZONE
QF3158	SHANAAD PAVUKONAM 	ID3	B ZONE
QF3159	FAZIL AHMAD JEPPINAMOGARU	ID3	B ZONE
QF3160	SINAN CK KURUDIMUKK	ID3	B ZONE
QF3161	SHARAFUDHEEN THANIYAMPURAM	ID3	B ZONE
QF3162	SAHAL NADAPURAM 	ID3	B ZONE
QF3163	UNAIS KALADY	ID3	B ZONE
QF3164	SHABEEB NADAMMALPOYIL	ID3	B ZONE
QF3165	THAMEEM HUSAIN BAJARA	ID3	B ZONE
QF3166	MUHSIN KARAKKUNN	ID3	B ZONE
QF3167	RASHID CHELEMBRA	ID3	B ZONE
QF3168	RISHAD THEKKUNN	ID3	B ZONE
QF3169	ANAS KK KOTTAKKAVAYAL	ID3	B ZONE
QF3170	RIFAYI	ID3	B ZONE
QF3171	MUHAMMED SUFYAN 	NF3	B ZONE
QF3172	BADRUDHEEN	NF3	B ZONE
QF3173	MUHAMMED SINAN NK	NF3	B ZONE
QF3174	MUHAMMED JAFAR K	NF3	B ZONE
QF3175	MANSOOR AHMED	NF3	B ZONE
QF3176	MUHAMMED ANSIL TP	NF3	B ZONE
QF3177	MUHAMMED JAVAD KP	NF3	B ZONE
QF3178	MUHAMMED HASANUL BASARI	NF3	B ZONE
QF3179	MUHAMMED MUSTHAFA KP	NF3	B ZONE
QF3180	MUHAMMED FARIS M	NF3	B ZONE
QF3181	MUHAMMED MIQDAD	NF3	B ZONE
QF3182	ABUTHAHIR	NF3	B ZONE
QF3183	SWAFWAN MH	NF3	B ZONE
QF3184	MUHAMMED SALIM	NF3	B ZONE
QF3185	MUHAMMED WASIL MT	NF3	B ZONE
QF3186	ADHIL MUHAMMED	NF3	B ZONE
QF3187	IRFAN HABEEB	NF3	B ZONE
QF3188	MUHAMMED ARSHAD EK	NF3	B ZONE
QF3189	FASALU RAHMAN	NF3	B ZONE
QF3190	MUHAMMED MUZAMMIL P	NF3	B ZONE
QF3191	MUHAMMED ZIYAD AK	NF3	B ZONE
QF3192	HAMID M	NF3	B ZONE
QF3193	ZAID MUHAMMED	NF3	B ZONE
QF3194	HAFIZ M YAZEED	NF3	B ZONE
QF3195	AMEEN KK CHEMBILODE	NF3	B ZONE
QF3196	MUHAMMAD ALTHAF	L3	B ZONE
QF3197	MAHAMMAD SAFWAN	L3	B ZONE
QF3198	MOHAMMED SALMAN FARISH	L3	B ZONE
QF3199	IBRAHIM BATHISHA	L3	B ZONE
QF3200	RIHAN AHAMED	L3	B ZONE
QF3201	GULAM RABBANI	L3	B ZONE
QF3202	MD SANAUL RAZA	L3	B ZONE
QF3203	MAMUN ALI	L3	B ZONE
QF3204	SALIK REZA	L3	B ZONE
QF3205	JAWED ALI	L3	B ZONE
QF3206	TAHSIM SHEKH	L3	B ZONE
QF3207	EMAM SK	L3	B ZONE
QF3208	ABDULLAH REZA	L2	C ZONE
QF3209	JAMIL MOMIN	L2	C ZONE
QF3210	KISMAT ALI	L2	C ZONE
QF3211	MUSTAFA BIN NASIR	L2	C ZONE
QF3212	IZAZ BADSHA	L2	C ZONE
QF3213	SEKH ABDULLAHA	L2	C ZONE
QF3214	OWAIS RAZA	L2	C ZONE
QF3215	HAMID RAZA	L2	C ZONE
QF3216	DARAJUL HOQUE	L2	C ZONE
QF3217	ABBAS ALI	L2	C ZONE
QF3218	MD NEYAZ ANWAR	L2	C ZONE
QF3219	ZAINUDEEN BATHERY	U2	C ZONE
QF3220	SINAN OORAKAM	U2	C ZONE
QF3221	FAROOQ MANJERI 	U2	C ZONE
QF3222	BASITH KUMMINIPPARANBU	U2	C ZONE
QF3223	RAHID KARIPPODI	U2	C ZONE
QF3224	AMEEN MANNARKKAD 	U2	C ZONE
QF3225	MUHAMMAD MUSTHAFA MUTHUKUMPURAM	U2	C ZONE
QF3226	MUHAMMAD ALI KP	U2	C ZONE
QF3227	K MUHAMMAD NIJAMUDDEEN	U2	C ZONE
QF3228	MUHAMMED SHANIB B KAKKAD	U2	C ZONE
QF3229	MUBEENUL HAQUE M PAZHAYAVANIAMBALAM	U2	C ZONE
QF3230	SHARAF KAVANOOR 	U1	C ZONE
QF3231	MUSHARAF KOLAPPURAM	U1	C ZONE
QF3232	SHAFI PINANGODE	U1	C ZONE
QF3233	BASITH KANTHAPURAM	U1	C ZONE
QF3234	SINAN SAQAFI VELLIMUTTAM	TQS	A ZONE
QF3235	MUSHARAF PONNANI	ID4	A ZONE
QF3236	ZAINUL ABID VAVAD	NF3	B ZONE
