Chest No,Name,Class,Zone
QF2001,ASHIQ ULLAL,TQS,A ZONE
QF2002,NASEEM PARAMBIL BAZAR,TQS,A ZONE
QF2003,TASHREEFUDHEEN,TQS,A ZONE
QF2004,SINAN NOONJIKKARA,TQS,A ZONE
QF2005,GAFOOR VENGARA,TQS,A ZONE
QF2006,MUZZAMMIL K,S4,A ZONE
QF2007,UMMER MUKTHAR,S4,A ZONE
QF2008,LATHEEF GUNAJE,S4,A ZONE
QF2009,HAFIL MUHAMMED SAVAD MA,S4,A ZONE
QF2010,ABDUL JABBAR. N,S4,A ZONE
QF2011,MUHAMMED ADIL TM,S4,A ZONE
QF2012,SABITH P,S4,A ZONE
QF2013,MUHAMMAD MUZZAMMIL D B,S4,A ZONE
QF2014,SULAIMAN KALEEL,S4,A ZONE
QF2015,MUHAMMAD NIZAMUDDEEN PE,S4,A ZONE
QF2016,MUHAMMAD HANEEF,S4,A ZONE
QF2017,MUHAMMED UKKASHA.A,S4,A ZONE
QF2018,EBRAHIM T,S4,A ZONE
QF2019,MOHAMMED SHAFI TH,S4,A ZONE
QF2020,MAHAMMAD ASHEEQ G,S4,A ZONE
QF2021,ABDUL RAHIMAN THAYYIB,S4,A ZONE
QF2022,FARHAN FAHIS TANUR,UT4,A ZONE
QF2023,KHUBAIB,UT4,A ZONE
QF2024,SWALIH,UT4,A ZONE
QF2025,MURTHAZA,UT4,A ZONE
QF2026,UMAIR,UT4,A ZONE
QF2027,MUHAMMED KAVVAI,UT4,A ZONE
QF2028,HUSSAIN,UT4,A ZONE
QF2029,HARIS,UT4,A ZONE
QF2030,IRFAN PARAPPUR,UT4,A ZONE
QF2031,MUZAMMIL KUMARAMPUTHUR,UT4,A ZONE
QF2032,FAVAS P,UH4,A ZONE
QF2033,HAFIZ MUEENUDHEEN,UH4,A ZONE
QF2034,ABDUL RAHMAN,UH4,A ZONE
QF2035,MUHAMMED ABUBAKAR MUHAMMED HASHIM CP,UH4,A ZONE
QF2036,MUHAMMED SHAMEEM,UH4,A ZONE
QF2037,MUHAMMED NABEEL,UH4,A ZONE
QF2038,MUHAMMED AMEEN KM,UH4,A ZONE
QF2039,SAFUVAN KK,UH4,A ZONE
QF2040,MD MERAJ ANSARI,UH4,A ZONE
QF2041,TALIB,UH4,A ZONE
QF2042,SAIYED MIDABBIR HUSAEN,UH4,A ZONE
QF2043,MANJUR ANSARI,UH4,A ZONE
QF2044,USMAN DU,ID4,A ZONE
QF2045,MIDILAJ KAKAVAYAL,ID4,A ZONE
QF2046,THWAHA WADOOD,ID4,A ZONE
QF2047,USMAN ANAS,ID4,A ZONE
QF2048,SHUHAIB KALAD,ID4,A ZONE
QF2049,SWALAHUDEEN,ID4,A ZONE
QF2050,MIDLAJ MAVOOR,ID4,A ZONE
QF2051,MUNZIR SULLYA,ID4,A ZONE
QF2052,MUHAMMED MP,ID4,A ZONE
QF2053,HUSAIN ARKYPADI,ID4,A ZONE
QF2054,MUZAMMIL KOYILANDI,ID4,A ZONE
QF2055,AFSEL,ID4,A ZONE
QF2056,FAYAS,ID4,A ZONE
QF2057,AHMED MURTHALA,ID4,A ZONE
QF2058,HANEEN MAHMOOD,ID4,A ZONE
QF2059,AJLAN,ID4,A ZONE
QF2060,HAINAS,ID4,A ZONE
QF2061,FAROOQ KINYA,ID4,A ZONE
QF2062,SAHALUDDEEN,ID4,A ZONE
QF2063,QAMARUDEEN,ID4,A ZONE
QF2064,SAHAL VENGAD,NF4,A ZONE
QF2065,HAKEEM GUDALLUR,NF4,A ZONE
QF2066,ASHRAF SHIMOGA,NF4,A ZONE
QF2067,AL SAHAF THAVANOOR,NF4,A ZONE
QF2068,AJMAL MUBASHIR MOGRAL,NF4,A ZONE
QF2069,SAJJAD PARAPPANANGADI,NF4,A ZONE
QF2070,SHAMMAS KURUMATHUR,NF4,A ZONE
QF2071,MURSHID VENNIYUR,NF4,A ZONE
QF2072,JUNAID TJ PUTHENCHIRA,NF4,A ZONE
QF2073,SHAHUDHEEN KADAPPADI,NF4,A ZONE
QF2074,RASHID KAREKKAD,NF4,A ZONE
QF2075,ISMAIL UPPINANGADI,NF4,A ZONE
QF2076,ANSAR EDAVAVANNAPPARA,NF4,A ZONE
QF2077,SINAN MANJERI,NF4,A ZONE
QF2078,ANEES ANDROTH,NF4,A ZONE
QF2079,FAVAS OLAVATTUR,NF4,A ZONE
QF2080,UNAIS NADAPURAM,NF4,A ZONE
QF2081,MIDLAJ EDAKKARA,NF4,A ZONE
QF2082,YASIR MEPPADI,NF4,A ZONE
QF2083,MIKDHAD KUZHIMANNA,NF4,A ZONE
QF2084,FASIL AMEEN PANG,NF4,A ZONE
QF2085,SAHEED KUZHIPPURAM,NF4,A ZONE
QF2086,SYED ISHAK S,L4,A ZONE
QF2087,SANABUL NADAF,L4,A ZONE
QF2088,ABDUL AZIZ,L4,A ZONE
QF2089,MD FAIZ ALAM,L4,A ZONE
QF2090,KUMARFARUKH AJMERI,L4,A ZONE
QF2091,MOHAMMAD DANIYAL FIRDOUSI RASHID PERWAIZ,L4,A ZONE
QF2092,MOHAMMED SHAFIQ,L4,A ZONE
QF2093,MOHD ARISH,L4,A ZONE
QF2094,MOBARAK ALI,S3,B ZONE
QF2095,SUFIYAN SWAFI,S3,B ZONE
QF2096,FAYIZ,S3,B ZONE
QF2097,HASHIM GS,S3,B ZONE
QF2098,ASHAFAQ,S3,B ZONE
QF2099,ARIF,S3,B ZONE
QF2100,BAZIL NEITHALA,S3,B ZONE
QF2101,NAEEM,S3,B ZONE
QF2102,NOUSEEN,S3,B ZONE
QF2103,SWAFWAN BEDRODI,S3,B ZONE
QF2104,SABIQ,S3,B ZONE
QF2105,ASHIQ JAVAD,S3,B ZONE
QF2106,MU,THASIM BILLA,S3,B ZONE
QF2107,IRSHAD,S3,B ZONE
QF2108,MINHAJ,S3,B ZONE
QF2109,FAYIZ,S3,B ZONE
QF2110,BSHRUL ABID KP,UT3,B ZONE
QF2111,P A ABDUL HAFEEZ,UT3,B ZONE
QF2112,MUHAMMED BUJAIR A,UT3,B ZONE
QF2113,MINHAJ VI,UT3,B ZONE
QF2114,MOHAMMAD MUBASHIR,UT3,B ZONE
QF2115,MUHAMMED ABDUL VAHID,UT3,B ZONE
QF2116,MUHAMMAD IMTHIYAZ,UT3,B ZONE
QF2117,MUHAMMED UNAIS PA,UT3,B ZONE
QF2118,FAZL PV,UT3,B ZONE
QF2119,ZUBAIR,UT3,B ZONE
QF2120,MUHAMMED SAFEEL,UT3,B ZONE
QF2121,ABDURAHMAN YASIR,UT3,B ZONE
QF2122,NASEEB,UT3,B ZONE
QF2123,MUHAMMED HASHIR RA,UT3,B ZONE
QF2124,AFSAL EV,UH3,B ZONE
QF2125,NOORUL AMEEN,UH3,B ZONE
QF2126,YASEEN PT,UH3,B ZONE
QF2127,THAUFEEQ,UH3,B ZONE
QF2128,NOORUL ASLAM,UH3,B ZONE
QF2129,ASHFAQU RAHMAN,UH3,B ZONE
QF2130,SAYYID SADAKATHULLA,UH3,B ZONE
QF2131,MOHINUDDIN RAZI,UH3,B ZONE
QF2132,SABITH,UH3,B ZONE
QF2133,SUFAID KT,UH3,B ZONE
QF2134,SAYYID SAEED KK,UH3,B ZONE
QF2135,UBAID RAZA MURSAINA,UH3,B ZONE
QF2136,SHAFI ASLAM PALLIPADI,ID3,B ZONE
QF2137,SHAREEF KOOTTAVIL,ID3,B ZONE
QF2138,RABAH ALPARAMBA,ID3,B ZONE
QF2139,HASHIM PUTHUPONNANI,ID3,B ZONE
QF2140,YAHYA POOVAKKODE,ID3,B ZONE
QF2141,SALMAN MANIPURAM,ID3,B ZONE
QF2142,SHAHIN TIRURANGADI,ID3,B ZONE
QF2143,IRFAN CHERUVERY,ID3,B ZONE
QF2144,MUNAVIR KALAMASSERY,ID3,B ZONE
QF2145,BADUSHA KARIMANNOOR,ID3,B ZONE
QF2146,SWALIH WANDOOR,ID3,B ZONE
QF2147,MUSLIH KULAMUKKU,ID3,B ZONE
QF2148,AMEEN MAHAMOOD ELAD,ID3,B ZONE
QF2149,MURSHID ANEKAL,ID3,B ZONE
QF2150,NIHAL ATHIPPATTA,ID3,B ZONE
QF2151,KHUBAIB PALATHARA GAITE,ID3,B ZONE
QF2152,FARIS CHELARI,ID3,B ZONE
QF2153,BASIL THALAKKADATHUR,ID3,B ZONE
QF2154,MUJEEB RAHMAN PAINGOTTOOR,ID3,B ZONE
QF2155,JASEEL IRIKKUR,ID3,B ZONE
QF2156,MUSTHAFA NAVOOR,ID3,B ZONE
QF2157,SHAMEEMUDHEEN PULIYATUKULAM,ID3,B ZONE
QF2158,HASHIM KAIPAMANGALAM,ID3,B ZONE
QF2159,HISHAM KODASSERI,ID3,B ZONE
QF2160,AKHIL SHAN,NF3,B ZONE
QF2161,MUHAMMED SWALIH,NF3,B ZONE
QF2162,MUHAMMED AJMAL VK,NF3,B ZONE
QF2163,MUHAMMED ABDULLAH P,NF3,B ZONE
QF2164,MUHAMMED AJMAL,NF3,B ZONE
QF2165,ABDUL MATHEEN UK,NF3,B ZONE
QF2166,MUHAMMAD HARIS T,NF3,B ZONE
QF2167,MUHAMMED SWAFWAN P,NF3,B ZONE
QF2168,MUHAMMED ANAS CP,NF3,B ZONE
QF2169,FAISAL A,NF3,B ZONE
QF2170,AHMED SINAN,NF3,B ZONE
QF2171,MUHSIN,NF3,B ZONE
QF2172,MUHAMMED JUNAID TM,NF3,B ZONE
QF2173,MUHAMMED MUHASHIB T,NF3,B ZONE
QF2174,ARIFUDHEEN K,NF3,B ZONE
QF2175,MUHAMMED AJMAL,NF3,B ZONE
QF2176,MUHAMMED NASIR CK,NF3,B ZONE
QF2177,AMEER MA,NF3,B ZONE
QF2178,AQIB CV,NF3,B ZONE
QF2179,ASHKER,NF3,B ZONE
QF2180,MUHAMMED JUNAID,NF3,B ZONE
QF2181,AJMAL KM,NF3,B ZONE
QF2182,MUHAMMED RASHID PP,NF3,B ZONE
QF2183,MUJEEB RAHMAN,NF3,B ZONE
QF2184,SHAHBAZ ALAM,L3,B ZONE
QF2185,MAHAMMAD GOLAM MOHIUDDIN KHAN,L3,B ZONE
QF2186,SAID ALAM,L3,B ZONE
QF2187,SAMAD HOSSAIN,L3,B ZONE
QF2188,PARVEZ KHAN,L3,B ZONE
QF2189,AFSAR,L3,B ZONE
QF2190,MOJAMMEL HOQUE,L3,B ZONE
QF2191,SAHIM SARKAR,L3,B ZONE
QF2192,SHANAWAZ ALAM,L3,B ZONE
QF2193,SHAMS IQBAL,L3,B ZONE
QF2194,MD ASAD RAZA NOORI,L3,B ZONE
QF2195,MOHAMMAD ANISH,L3,B ZONE
QF2196,IRFAN MANSURI,L2,C ZONE
QF2197,MD SANI,L2,C ZONE
QF2198,AKMAL RAZA,L2,C ZONE
QF2199,IZHAR ASHRAF,L2,C ZONE
QF2200,ASIF KHAN,L2,C ZONE
QF2201,MOHIB ALAM,L2,C ZONE
QF2202,REHAN KHAN,L2,C ZONE
QF2203,MOHAMMAD ASIF ALI,L2,C ZONE
QF2204,NASIM RAJA,L2,C ZONE
QF2205,MD GUFRAN,L2,C ZONE
QF2206,FAIJAN ALI,L2,C ZONE
QF2207,BASHIR KNR,U2,C ZONE
QF2208,SAFVAN KAMBLAKKAD,U2,C ZONE
QF2209,MINHAJ PARAVOOR,U2,C ZONE
QF2210,SWALIH MAVOOR,U2,C ZONE
QF2211,NAFIL M,U2,C ZONE
QF2212,SHAHID MANOOR,U2,C ZONE
QF2213,MUHAMMAD HASAN HISHAM,U2,C ZONE
QF2214,SABITH CP,U2,C ZONE
QF2215,MUHAMMAD MIDHLAJ,U2,C ZONE
QF2216,MUHAMMAD ALI VAFA,U2,C ZONE
QF2217,SUHAIL MP,U2,C ZONE
QF2218,MUHAMMED SHANIL P PAYAMPARAMBA,U2,C ZONE
QF2219,BASITH TOTTASERY,U1,C ZONE
QF2220,NASEEM ELAMARAM,U1,C ZONE
QF2221,MANSOOR VILAYIL,U1,C ZONE
QF2222,MIQDAD PAKKANA,U1,C ZONE
QF2223,MIDLAJ PADLADKA,U1,C ZONE
QF2224,BASIL ADANY,TQS,A ZONE
QF2225,ASHIQ CHENGANASSERI,S4,A ZONE
QF2226,UVAIS PALLAM,ID3,B ZONE
QF2227,ZAINUL ABID,UH3,B ZONE
QF2228,SHAHUL HAMEED,S4,A ZONE
QF2229,MUHAMMED M,S4,A ZONE
