SI No,Programme ID,Programme Name,Programme Type,Stage/Off Stage,Zone,Participant Count,,
1,Q9 - 101,Qira'ath,Individual,Stage,A Zone,2,,
2,Q9 - 102,Sulook,Individual,Stage,A Zone,2,,
3,Q9 - 103,Malayalam Speech,Individual,Stage,A Zone,2,,
4,Q9 - 104,QUAF x Talk ,Individual,Stage,A Zone,2,,
5,Q9 - 105,Urdu Speech,Individual,Stage,A Zone,2,,
6,Q9 - 106,Khutuba,Individual,Stage,A Zone,2,,
7,Q9 - 107,Problem Solving,Individual,Stage,A Zone,2,,
8,Q9 - 108,Tadrees,Individual,Stage,A Zone,1,,
9,Q9 - 109,Thasneef,Individual,Non Stage,A Zone,2,,
10,Q9 - 110,Tatbeeq,Individual,Non Stage,A Zone,2,,
11,Q9 - 111,Balagha Test,Individual,Non Stage,A Zone,2,,
12,Q9 - 112,Arabic Story Writing,Individual,Non Stage,A Zone,2,,
13,Q9 - 113,Malayalam Story Writing,Individual,Non Stage,A Zone,3,,
14,Q9 - 114,English Story Writing,Individual,Non Stage,A Zone,2,,
15,Q9 - 115,Arabic Haiku,Individual,Non Stage,A Zone,2,,
16,Q9 - 116,English Poem Writing,Individual,Non Stage,A Zone,2,,
17,Q9 - 117,Malayalam Poem Writing,Individual,Non Stage,A Zone,3,,
18,Q9 - 118,Arabic Essay Writing,Individual,Non Stage,A Zone,2,,
19,Q9 - 119,Malayalam Essay Writing,Individual,Non Stage,A Zone,3,,
20,Q9 - 120,English Essay Writing,Individual,Non Stage,A Zone,2,,
21,Q9 - 121,Mappilappattu Writing,Individual,Non Stage,A Zone,2,,
22,Q9 - 122,Blurb Writing,Individual,Non Stage,A Zone,2,,
23,Q9 - 123,Photography,Individual,Non Stage,A Zone,2,,
24,Q9 - 124,Book Test,Individual,Non Stage,A Zone,2,,
25,Q9 - 125,Social Text Malayalam,Individual,Non Stage,A Zone,3,,
26,Q9 - 126,Translation Eng to Ara,Individual,Non Stage,A Zone,2,,
27,Q9 - 127,Spot Magazine Arabic,Individual,Non Stage,A Zone,3,,
28,Q9 - 128,Qira'ath,Individual,Stage,B Zone,2,,
29,Q9 - 129,Arabic Speech,Individual,Stage,B Zone,2,,
30,Q9 - 130,Malayalam Speech,Individual,Stage,B Zone,2,,
31,Q9 - 131,English Speech,Individual,Stage,B Zone,2,,
32,Q9 - 132,Sada'i Nasam,Individual,Stage,B Zone,2,,
33,Q9 - 133,Na'at,Individual,Stage,B Zone,2,,
34,Q9 - 134,Interview Desk,Individual,Stage,B Zone,2,,
35,Q9 - 135,Ideal Talk,Individual,Stage,B Zone,2,,
36,Q9 - 136,Tashreeh,Individual,Non Stage,B Zone,2,,
37,Q9 - 137,Thafseer Making,Individual,Non Stage,B Zone,2,,
38,Q9 - 138,Tuhfa Talent Test,Individual,Non Stage,B Zone,2,,
39,Q9 - 139,Arabic Story Writing,Individual,Non Stage,B Zone,2,,
40,Q9 - 140,English Story Writing,Individual,Non Stage,B Zone,2,,
41,Q9 - 141,Micro Fiction Malayalam,Individual,Non Stage,B Zone,3,,
42,Q9 - 142,Arabic Poem Writing,Individual,Non Stage,B Zone,2,,
43,Q9 - 143,English Poem Writing,Individual,Non Stage,B Zone,2,,
44,Q9 - 144,Malayalam Poem Writing,Individual,Non Stage,B Zone,3,,
45,Q9 - 145,Arabic Essay Writing,Individual,Non Stage,B Zone,2,,
46,Q9 - 146,Malayalam Essay Writing,Individual,Non Stage,B Zone,3,,
47,Q9 - 147,English Essay Writing,Individual,Non Stage,B Zone,2,,
48,Q9 - 148,Revolutionary Song Writing,Individual,Non Stage,B Zone,2,,
49,Q9 - 149,Photography,Individual,Non Stage,B Zone,2,,
50,Q9 - 150,Book Test,Individual,Non Stage,B Zone,2,,
51,Q9 - 151,Social Text Malayalam,Individual,Non Stage,B Zone,5,,
52,Q9 - 152,Translation Arab to Eng,Individual,Non Stage,B Zone,2,,
53,Q9 - 153,Spot Magazine English,Individual,Non Stage,B Zone,5,,
54,Q9 - 154,Qira'ath,Individual,Stage,C Zone,2,,
55,Q9 - 155,Arabic Speech,Individual,Stage,C Zone,2,,
56,Q9 - 156,Malayalam Speech,Individual,Stage,C Zone,2,,
57,Q9 - 157,English Speech,Individual,Stage,C Zone,2,,
58,Q9 - 158,Madh Ganam,Individual,Stage,C Zone,2,,
59,Q9 - 159,Imla',Individual,Non Stage,C Zone,2,,
60,Q9 - 160,Tahfeezul Alfiyya,Individual,Non Stage,C Zone,2,,
61,Q9 - 161,Arabic Story Writing,Individual,Non Stage,C Zone,2,,
62,Q9 - 162,English Story Writing,Individual,Non Stage,C Zone,2,,
63,Q9 - 163,Malayalam Story Writing,Individual,Non Stage,C Zone,3,,
64,Q9 - 164,Arabic Poem Writing,Individual,Non Stage,C Zone,2,,
65,Q9 - 165,Malayalam Poem Writing,Individual,Non Stage,C Zone,3,,
66,Q9 - 166,English Poem Writing,Individual,Non Stage,C Zone,2,,
67,Q9 - 167,Arabic Essay Writing,Individual,Non Stage,C Zone,2,,
68,Q9 - 168,Malayalam Essay Writing,Individual,Non Stage,C Zone,3,,
69,Q9 - 169,English Essay Writing,Individual,Non Stage,C Zone,2,,
70,Q9 - 170,Slogan Writing,Individual,Non Stage,C Zone,2,,
71,Q9 - 171,Photography,Individual,Non Stage,C Zone,2,,
72,Q9 - 172,Book Test,Individual,Non Stage,C Zone,2,,
73,Q9 - 173,Social Text Malayalam,Individual,Non Stage,C Zone,3,,
74,Q9 - 174,Translation Malayalam to Arabic,Individual,Non Stage,C Zone,2,,
75,Q9 - 175,Wall Magazine,Individual,Non Stage,C Zone,3,,
76,Q9 - 176,Global Dars,Individual,Stage,Mix Zone,2,,
77,Q9 - 177,Wa'l,Individual,Stage,Mix Zone,2,,
78,Q9 - 178,Mala Aavishkaram,Individual,Stage,Mix Zone,2,,
79,Q9 - 179,Live Extempore,Individual,Stage,Mix Zone,2,,
80,Q9 - 180,Bilingual Speech,Individual,Stage,Mix Zone,2,,
81,Q9 - 181,Lecturing,Individual,Stage,Mix Zone,2,,
82,Q9 - 182,Paper Presentation,Individual,Stage,Mix Zone,2,,
83,Q9 - 183,Media Critic,Individual,Stage,Mix Zone,2,,
84,Q9 - 184,Descriptive Quiz,Individual,Stage,Mix Zone,2,,
85,Q9 - 185,Hamd Urdu,Individual,Stage,Mix Zone,2,,
86,Q9 - 186,Mappilappattu,Individual,Stage,Mix Zone,2,,
87,Q9 - 187,Social Debate,Individual,Stage,Mix Zone,2,,
88,Q9 - 188,Tahfeezul Alfiyya (A&B),Individual,Stage,Mix Zone,2,,
89,Q9 - 189,Tahfeezul Burda,Individual,Stage,Mix Zone,2,,
90,Q9 - 190,Q Talk,Group,Stage,Mix Zone,2,,
91,Q9 - 191,Munalara,Group,Stage,Mix Zone,5,,
92,Q9 - 192,Fiqh Colloquium,Group,Stage,Mix Zone,3,,
93,Q9 - 193,Book Discussion,Group,Stage,Mix Zone,4,,
94,Q9 - 194,Press Meet,Group,Stage,Mix Zone,4,,
95,Q9 - 195,Qaseeda,Group,Stage,Mix Zone,4,,
96,Q9 - 196,Nasheeda,Group,Stage,Mix Zone,5,,
97,Q9 - 197,Qawwali,Group,Stage,Mix Zone,5,,
98,Q9 - 198,Group Song,Group,Stage,Mix Zone,4,,
99,Q9 - 199,Rihla Discussion,Group,Stage,Mix Zone,2,,
100,Q9 - 200,Iftaa',Individual,Non Stage,Mix Zone,2,,
101,Q9 - 201,Fara'id Test,Individual,Non Stage,Mix Zone,1,,
102,Q9 - 202,Theology Test,Individual,Non Stage,Mix Zone,1,,
103,Q9 - 203,Genius Hunt,Individual,Non Stage,Mix Zone,2,,
104,Q9 - 204,Abstract,Individual,Non Stage,Mix Zone,2,,
105,Q9 - 205,Urdu Story Writing,Individual,Non Stage,Mix Zone,2,,
106,Q9 - 206,Urdu Essay Writing,Individual,Non Stage,Mix Zone,2,,
107,Q9 - 207,Madh Song Writing,Individual,Non Stage,Mix Zone,2,,
108,Q9 - 208,Social Text English,Individual,Non Stage,Mix Zone,2,,
109,Q9 - 209,Theme Song Writing,Individual,Non Stage,Mix Zone,2,,
110,Q9 - 210,Motto Making,Individual,Non Stage,Mix Zone,2,,
111,Q9 - 211,Feature Writing,Individual,Non Stage,Mix Zone,2,,
112,Q9 - 212,AI Poem,Individual,Non Stage,Mix Zone,2,,
113,Q9 - 213,Translation Urdu to Arabic,Individual,Non Stage,Mix Zone,2,,
114,Q9 - 214,Poem Trans Arato Mal,Individual,Non Stage,Mix Zone,2,,
115,Q9 - 215,Calligraphy,Individual,Non Stage,Mix Zone,2,,
116,Q9 - 216,Digital Designing,Individual,Non Stage,Mix Zone,2,,
117,Q9 - 217,Poster Designing,Individual,Non Stage,Mix Zone,2,,
118,Q9 - 218,Vlog Malayalam,Individual,Non Stage,Mix Zone,2,,
119,Q9 - 219,Vlog Arabic,Individual,Non Stage,Mix Zone,2,,
120,Q9 - 220,E-Poster,Individual,Non Stage,Mix Zone,2,,
121,Q9 - 221,Magazine Layout,Individual,Non Stage,Mix Zone,2,,
122,Q9 - 222,Reel Making English,Individual,Non Stage,Mix Zone,2,,
123,Q9 - 223,Typography,Individual,Non Stage,Mix Zone,2,,
124,Q9 - 224,Kitab Quiz,Individual,Non Stage,Mix Zone,2,,
125,Q9 - 225,AI Short Video,Individual,Non Stage,Mix Zone,2,,
126,Q9 - 226,Tarjuma,Individual,Non Stage,Mix Zone,2,,
127,Q9 - 227,AI Portfolio Design,Individual,Non Stage,Mix Zone,2,,
128,Q9 - 228,Tajweed Test,Individual,Non Stage,Mix Zone,2,,
129,Q9 - 229,Content Writing,Individual,Non Stage,Mix Zone,2,,
130,Q9 - 230,Catalogue Making,Individual,Non Stage,Mix Zone,1,,
131,Q9 - 231,Hadith Musabaka,Group,Non Stage,Mix Zone,3,,
132,Q9 - 232,Taseef,Group,Non Stage,Mix Zone,5,,
133,Q9 - 233,Podcast,Group,Non Stage,Mix Zone,2,,
134,Q9 - 234,Book Writing,Group,Non Stage,Mix Zone,5,,
135,Q9 - 235,Wall Writing / Graffiti,Group,Non Stage,Mix Zone,2,,
136,Q9 - 236,Insight,Group,Non Stage,Mix Zone,1,,
137,Q9 - 237,Documentary,Group,Non Stage,Mix Zone,2,,
138,Q9 - 238,Project,Group,Non Stage,Mix Zone,5,,
139,Q9 - 239,Master Plan,Group,Non Stage,Mix Zone,3,,
140,Q9 - 240,Interview Making,Group,Non Stage,Mix Zone,3,,
141,Q9 - 241,Centenary Footprint,Group,Non Stage,Mix Zone,1,,
142,Q9 - 242,Visual Story,Group,Non Stage,Mix Zone,2,,
143,Q9 - 243,Photo Feature,Group,Non Stage,Mix Zone,2,,
144,Q9 - 244,Capture the Flag,Group,Non Stage,Mix Zone,2,,
,,,,,,,,
,,,,,,,,
,,,,,,,,
,,,,,,,,
,,,,,,,,
,,,,,,,,
,,,,,,,,
,,,,,,,,
,,,,,,,,
,,,,,,,,
,,,,,,,,
,,,,,,,,
,,,,,,,,
,,,,,,,,
SI No,Programme ID,Programme Name,Programme Type,Stage/Off Stage,Zone,Participant Count,,
1,Q9 - 101,Qira'ath,Individual,Stage,A Zone,2,,
2,Q9 - 102,Sulook,Individual,Stage,A Zone,2,,
3,Q9 - 103,Malayalam Speech,Individual,Stage,A Zone,2,,
4,Q9 - 104,QUAF x Talk ,Individual,Stage,A Zone,2,,
5,Q9 - 105,Urdu Speech,Individual,Stage,A Zone,2,,
6,Q9 - 106,Khutuba,Individual,Stage,A Zone,2,,
7,Q9 - 107,Problem Solving,Individual,Stage,A Zone,2,,
8,Q9 - 108,Tadrees,Individual,Stage,A Zone,1,,
9,Q9 - 109,Thasneef,Individual,Non Stage,A Zone,2,,
10,Q9 - 110,Tatbeeq,Individual,Non Stage,A Zone,2,,
11,Q9 - 111,Balagha Test,Individual,Non Stage,A Zone,2,,
12,Q9 - 112,Arabic Story Writing,Individual,Non Stage,A Zone,2,,
13,Q9 - 113,Malayalam Story Writing,Individual,Non Stage,A Zone,3,,
14,Q9 - 114,English Story Writing,Individual,Non Stage,A Zone,2,,
15,Q9 - 115,Arabic Haiku,Individual,Non Stage,A Zone,2,,
16,Q9 - 116,English Poem Writing,Individual,Non Stage,A Zone,2,,
17,Q9 - 117,Malayalam Poem Writing,Individual,Non Stage,A Zone,3,,
18,Q9 - 118,Arabic Essay Writing,Individual,Non Stage,A Zone,2,,
19,Q9 - 119,Malayalam Essay Writing,Individual,Non Stage,A Zone,3,,
20,Q9 - 120,English Essay Writing,Individual,Non Stage,A Zone,2,,
21,Q9 - 121,Mappilappattu Writing,Individual,Non Stage,A Zone,2,,
22,Q9 - 122,Blurb Writing,Individual,Non Stage,A Zone,2,,
23,Q9 - 123,Photography,Individual,Non Stage,A Zone,2,,
24,Q9 - 124,Book Test,Individual,Non Stage,A Zone,2,,
25,Q9 - 125,Social Text Malayalam,Individual,Non Stage,A Zone,3,,
