Chest No,Name,Class,Zone,Group
QF1001,JAMALUDHEEN ABDUL HAMEED,TQS,A ZONE,Lumo Fikric
QF1002,RAZI MANJANADI,TQS,A ZONE,Lumo Fikric
QF1003,TWAYYIB JARAMKANDI,TQS,A ZONE,Lumo Fikric
QF1004,SALMANUL FARIS MAMBURAM,TQS,A ZONE,Lumo Fikric
QF1005,JABIR PAKARA,TQS,A ZONE,Lumo Fikric
QF1006,LIYAKATH TV,S4,A ZONE,Lumo Fikric
QF1007,SHEHIN KT,S4,A ZONE,Lumo Fikric
QF1008,SHUAIB,S4,A ZONE,Lumo Fikric
QF1009,FAKHRUDDIN THASHFEEQ,S4,A ZONE,Lumo Fikric
QF1010,ALI,S4,A ZONE,Lumo Fikric
QF1011,MUHAMMED UNAIS.P.M,S4,A ZONE,Lumo Fikric
QF1012,MUHAMMED SALMAN KP,S4,A ZONE,Lumo Fikric
QF1013,MUHAMMED UVAIS P,S4,A ZONE,Lumo Fikric
QF1014,SHAQEEB IHSAN C M,S4,A ZONE,Lumo Fikric
QF1015,SHAKEEL MUBARAK CP,S4,A ZONE,Lumo Fikric
QF1016,ADHIL MS,S4,A ZONE,Lumo Fikric
QF1017,MUHAMMED SUHAIL,S4,A ZONE,Lumo Fikric
QF1018,MAHAMMAD SADIK K,S4,A ZONE,Lumo Fikric
QF1019,MUHAMMED RAFI,S4,A ZONE,Lumo Fikric
QF1020,MOHAMMED RASIQ K,S4,A ZONE,Lumo Fikric
QF1021,MUHAMMED MUDHASIR KT,S4,A ZONE,Lumo Fikric
QF1022,ZIYAD ZAINUDHEEN,UT4,A ZONE,Lumo Fikric
QF1023,SINAN KT,UT4,A ZONE,Lumo Fikric
QF1024,SINAN KARUVANKALLU,UT4,A ZONE,Lumo Fikric
QF1025,SHIBILI,UT4,A ZONE,Lumo Fikric
QF1026,JAZIL RAHMAN,UT4,A ZONE,Lumo Fikric
QF1027,SINAN MK,UT4,A ZONE,Lumo Fikric
QF1028,MUHAMMIL,UT4,A ZONE,Lumo Fikric
QF1029,AKHIL,UT4,A ZONE,Lumo Fikric
QF1030,RABEEH,UT4,A ZONE,Lumo Fikric
QF1031,SHAMNAD,UT4,A ZONE,Lumo Fikric
QF1032,ABOOBACKER,UT4,A ZONE,Lumo Fikric
QF1033,MUEENUDHEEN,UT4,A ZONE,Lumo Fikric
QF1034,MISHAB MP,UH4,A ZONE,Lumo Fikric
QF1035,MUHAMMAD ABDUL RASHEED,UH4,A ZONE,Lumo Fikric
QF1036,MUHAMMED JASIL P,UH4,A ZONE,Lumo Fikric
QF1037,MUHAMMED HASAN,UH4,A ZONE,Lumo Fikric
QF1038,MUHAMMED UMAIR,UH4,A ZONE,Lumo Fikric
QF1039,ANAS K,UH4,A ZONE,Lumo Fikric
QF1040,MUHAMMAD LUKMAN VT,UH4,A ZONE,Lumo Fikric
QF1041,MUHAMMED ISHAQUE,UH4,A ZONE,Lumo Fikric
QF1042,MUHAMMED SUHIAL AK,UH4,A ZONE,Lumo Fikric
QF1043,FAZALURAHMAN,UH4,A ZONE,Lumo Fikric
QF1044,AJIBUL MANSURI,UH4,A ZONE,Lumo Fikric
QF1045,MD GUFRAN ANSARI,UH4,A ZONE,Lumo Fikric
QF1046,SAYFULLA HUSEN,UH4,A ZONE,Lumo Fikric
QF1047,MOHAMMAD ADNAN,UH4,A ZONE,Lumo Fikric
QF1048,SALMAN KOYICHINA,ID4,A ZONE,Lumo Fikric
QF1049,NIZAM BOLIYAR,ID4,A ZONE,Lumo Fikric
QF1050,MEHFOOZ KAIKAMBA,ID4,A ZONE,Lumo Fikric
QF1051,SAJJAD MUKKAM,ID4,A ZONE,Lumo Fikric
QF1052,SULAIMAN THATTUMMAL,ID4,A ZONE,Lumo Fikric
QF1053,SAHAL K P,ID4,A ZONE,Lumo Fikric
QF1054,MUBASHING CP,ID4,A ZONE,Lumo Fikric
QF1055,MINHAJ PANDIKKAD,ID4,A ZONE,Lumo Fikric
QF1056,RABEEU MUHAMED,ID4,A ZONE,Lumo Fikric
QF1057,MUBARAK,ID4,A ZONE,Lumo Fikric
QF1058,MUHAMMED RAFI,ID4,A ZONE,Lumo Fikric
QF1059,MABASHIR MUDOOR,ID4,A ZONE,Lumo Fikric
QF1060,ZIYAD PULLARA,ID4,A ZONE,Lumo Fikric
QF1061,JUMAIL ERUMAD,ID4,A ZONE,Lumo Fikric
QF1062,SAKEEF,ID4,A ZONE,Lumo Fikric
QF1063,IMDADULLAH,ID4,A ZONE,Lumo Fikric
QF1064,RASHID,ID4,A ZONE,Lumo Fikric
QF1065,SWALIH,ID4,A ZONE,Lumo Fikric
QF1066,RAMEES,ID4,A ZONE,Lumo Fikric
QF1067,ANAS KOLLAM,ID4,A ZONE,Lumo Fikric
QF1068,SHABEEB UK,ID4,A ZONE,Lumo Fikric
QF1069,SHABEEB,NF4,A ZONE,Lumo Fikric
QF1070,ADNAN,NF4,A ZONE,Lumo Fikric
QF1071,SABITH ULLAL,NF4,A ZONE,Lumo Fikric
QF1072,FAZAL RAHMAN,NF4,A ZONE,Lumo Fikric
QF1073,MUJEEB,NF4,A ZONE,Lumo Fikric
QF1074,ISMAIL CHENNAI,NF4,A ZONE,Lumo Fikric
QF1075,FAZAL RAZI,NF4,A ZONE,Lumo Fikric
QF1076,MUAD,NF4,A ZONE,Lumo Fikric
QF1077,MUHAMMED ASAD,NF4,A ZONE,Lumo Fikric
QF1078,SALMAN KAKKOVE,NF4,A ZONE,Lumo Fikric
QF1079,NASRUDHEEN,NF4,A ZONE,Lumo Fikric
QF1080,SINAN PC,NF4,A ZONE,Lumo Fikric
QF1081,NOUFAL KOORIYAD,NF4,A ZONE,Lumo Fikric
QF1082,JALAL TKC,NF4,A ZONE,Lumo Fikric
QF1083,NOUFAL PALLIMUKKU,NF4,A ZONE,Lumo Fikric
QF1084,MUHAMMED MUDHASSIR (SANTHEKATE),NF4,A ZONE,Lumo Fikric
QF1085,AHMAD SHAMIL T,NF4,A ZONE,Lumo Fikric
QF1086,KS MUHAMMED SAEED,NF4,A ZONE,Lumo Fikric
QF1087,MOHAMMED RAZIK,NF4,A ZONE,Lumo Fikric
QF1088,ANVAR SWADIQ,NF4,A ZONE,Lumo Fikric
QF1089,FAZAL MUHAMMED GUDALLUR,NF4,A ZONE,Lumo Fikric
QF1090,MD FAIZ AKHTAR,L4,A ZONE,Lumo Fikric
QF1091,AMMAR AHMAD,L4,A ZONE,Lumo Fikric
QF1092,MUDDASHIR ASHRAF,L4,A ZONE,Lumo Fikric
QF1093,ARBAZ ALI,L4,A ZONE,Lumo Fikric
QF1094,WASIT HUSSAIN SHAH,L4,A ZONE,Lumo Fikric
QF1095,MD KHUSHBAR ALI,L4,A ZONE,Lumo Fikric
QF1096,NAYAZ P E,L4,A ZONE,Lumo Fikric
QF1097,MOHD ARSALAN RAZA,L4,A ZONE,Lumo Fikric
QF1098,MANZOOR ALAM,S3,B ZONE,Lumo Fikric
QF1099,ASHKAR ALI,S3,B ZONE,Lumo Fikric
QF1100,ADEEB MUBARAK,S3,B ZONE,Lumo Fikric
QF1101,AHMAD SINAN,S3,B ZONE,Lumo Fikric
QF1102,ABDUL BARI,S3,B ZONE,Lumo Fikric
QF1103,CINAN DELOMPADI,S3,B ZONE,Lumo Fikric
QF1104,IRFAN KUDUKKILUMARAM,S3,B ZONE,Lumo Fikric
QF1105,MIQDAD KV MUTTIPPALAM,S3,B ZONE,Lumo Fikric
QF1106,B A MUSHARAF KILLUR,S3,B ZONE,Lumo Fikric
QF1107,HIBATHULLA KS CHEROOR,S3,B ZONE,Lumo Fikric
QF1108,ADNAN TRIVANDRUM,S3,B ZONE,Lumo Fikric
QF1109,SAFVAN KURUPATH,S3,B ZONE,Lumo Fikric
QF1110,HASEEB PA,S3,B ZONE,Lumo Fikric
QF1111,JAVID KB,S3,B ZONE,Lumo Fikric
QF1112,ALTHAF E,S3,B ZONE,Lumo Fikric
QF1113,SHAMMAS KUTTALOOR,S3,B ZONE,Lumo Fikric
QF1114,SHAKIR VAVOOR,S3,B ZONE,Lumo Fikric
QF1115,HAFIZ MUHAMMED SAFVAN A,UT3,B ZONE,Lumo Fikric
QF1116,MUHAMMED ASHFAQUE RAHMAN,UT3,B ZONE,Lumo Fikric
QF1117,MOHAMMED MUZAMMILE. S,UT3,B ZONE,Lumo Fikric
QF1118,MUHAMMED PT,UT3,B ZONE,Lumo Fikric
QF1119,MUHAMMAD MUTHEEHU RAHMAN,UT3,B ZONE,Lumo Fikric
QF1120,MOHAMMED SHIBLI P,UT3,B ZONE,Lumo Fikric
QF1121,MUHAMMED MINHAJ MC,UT3,B ZONE,Lumo Fikric
QF1122,MUHAMMED MUBARACK,UT3,B ZONE,Lumo Fikric
QF1123,SWALIH,UT3,B ZONE,Lumo Fikric
QF1124,SUNAIF,UT3,B ZONE,Lumo Fikric
QF1125,BAVAS MM,UT3,B ZONE,Lumo Fikric
QF1126,ABDUL FATHAH,UT3,B ZONE,Lumo Fikric
QF1127,ALI AUFA,UT3,B ZONE,Lumo Fikric
QF1128,MUHAMMED JASIR MK,UT3,B ZONE,Lumo Fikric
QF1129,NUMAN ABDUL KADAR,UH3,B ZONE,Lumo Fikric
QF1130,JALALUDDIN,UH3,B ZONE,Lumo Fikric
QF1131,NISTHAR,UH3,B ZONE,Lumo Fikric
QF1132,AYOOB,UH3,B ZONE,Lumo Fikric
QF1133,SADIQ,UH3,B ZONE,Lumo Fikric
QF1134,AJMAL NS,UH3,B ZONE,Lumo Fikric
QF1135,MUSTHAFA KK,UH3,B ZONE,Lumo Fikric
QF1136,JADEER,UH3,B ZONE,Lumo Fikric
QF1137,YASEEN,UH3,B ZONE,Lumo Fikric
QF1138,LAHEERUDHEEN,UH3,B ZONE,Lumo Fikric
QF1139,MUHAMMAD MUSLEM ALI TUNGUR,UH3,B ZONE,Lumo Fikric
QF1140,MD OSAMA ASWI NIMTALA COLONY,UH3,B ZONE,Lumo Fikric
QF1141,NADEEM SADIQ J&K RAJOURI DARHAL SIMBLI,UH3,B ZONE,Lumo Fikric
QF1142,IMAMUDHEEN BALAMPUR,UH3,B ZONE,Lumo Fikric
QF1143,MD NEZAMUDDIN RAMPUR BHARETHA,UH3,B ZONE,Lumo Fikric
QF1144,NASIR BHAI DURLOVEPUR,UH3,B ZONE,Lumo Fikric
QF1145,MIDLAJ,ID3,B ZONE,Lumo Fikric
QF1146,MIRSHAD MARUTHA,ID3,B ZONE,Lumo Fikric
QF1147,FAILUL BARI CHULLIKKAD,ID3,B ZONE,Lumo Fikric
QF1148,JAMSHEED VK PADI,ID3,B ZONE,Lumo Fikric
QF1149,SADIK MUTTAKKAV,ID3,B ZONE,Lumo Fikric
QF1150,MUZAMMIL BARYA,ID3,B ZONE,Lumo Fikric
QF1151,SHABEER HIDAYATH NAGAR,ID3,B ZONE,Lumo Fikric
QF1152,THAHA THANGAL POONOOR,ID3,B ZONE,Lumo Fikric
QF1153,HADHI HASSAN AMBALAPPARA,ID3,B ZONE,Lumo Fikric
QF1154,SUHAIL KOORIYAD,ID3,B ZONE,Lumo Fikric
QF1155,ANWAR KUTTOOR NORTH,ID3,B ZONE,Lumo Fikric
QF1156,THABSHEER KUNJILA,ID3,B ZONE,Lumo Fikric
QF1157,IBRAHIM BATHISHA KUKKAJE,ID3,B ZONE,Lumo Fikric
QF1158,MUHSIN VAALIYAKULAMGARA,ID3,B ZONE,Lumo Fikric
QF1159,IRSHAD THUVVUR,ID3,B ZONE,Lumo Fikric
QF1160,RAZI KUNJATHBAIL,ID3,B ZONE,Lumo Fikric
QF1161,ADIL PALLIKKAL BAZAR,ID3,B ZONE,Lumo Fikric
QF1162,HASHIM CH,ID3,B ZONE,Lumo Fikric
QF1163,ABDUL BASITH OZHUR,ID3,B ZONE,Lumo Fikric
QF1164,AMEEN ABDULLAH POSAOT,ID3,B ZONE,Lumo Fikric
QF1165,ANAS KERALAPURAM,ID3,B ZONE,Lumo Fikric
QF1166,LABEEB PUKAYOOR,ID3,B ZONE,Lumo Fikric
QF1167,SAHIL ALAPPUZHA,ID3,B ZONE,Lumo Fikric
QF1168,SAYYID SUFIYAN ALI,NF3,B ZONE,Lumo Fikric
QF1169,ABDUL VAHID,NF3,B ZONE,Lumo Fikric
QF1170,JAFAR ET,NF3,B ZONE,Lumo Fikric
QF1171,RABEEH,NF3,B ZONE,Lumo Fikric
QF1172,KHILIR PK,NF3,B ZONE,Lumo Fikric
QF1173,MUHAMMAD AUFA,NF3,B ZONE,Lumo Fikric
QF1174,AFNAN,NF3,B ZONE,Lumo Fikric
QF1175,MUHAMMED SAHADUDHEEN K,NF3,B ZONE,Lumo Fikric
QF1176,MUHAMMED BADUSHA,NF3,B ZONE,Lumo Fikric
QF1177,THAJUDHEEN,NF3,B ZONE,Lumo Fikric
QF1178,AHMED JASEEL KT,NF3,B ZONE,Lumo Fikric
QF1179,MUHAMEMD JUNAID P,NF3,B ZONE,Lumo Fikric
QF1180,MUHAMMED RASHID,NF3,B ZONE,Lumo Fikric
QF1181,ANSIL K,NF3,B ZONE,Lumo Fikric
QF1182,RUHAIB,NF3,B ZONE,Lumo Fikric
QF1183,WASIL ZAMAN,NF3,B ZONE,Lumo Fikric
QF1184,MUHAMMED IJAZ CV,NF3,B ZONE,Lumo Fikric
QF1185,MUHAMMED MUBASHIR EK,NF3,B ZONE,Lumo Fikric
QF1186,MUHAMMED YASEEN KP,NF3,B ZONE,Lumo Fikric
QF1187,MUHAMMED ADEEB CV,NF3,B ZONE,Lumo Fikric
QF1188,SIRAJUDHEEN,NF3,B ZONE,Lumo Fikric
QF1189,MUHAMMED SWALIH N,NF3,B ZONE,Lumo Fikric
QF1190,SHUHAIB NK,NF3,B ZONE,Lumo Fikric
QF1191,MUHAMMED SALIM M,NF3,B ZONE,Lumo Fikric
QF1192,MUHAMMED HAFIZ KHAN,NF3,B ZONE,Lumo Fikric
QF1193,REHENUR ALI,L3,B ZONE,Lumo Fikric
QF1194,ABDUL MANNAN,L3,B ZONE,Lumo Fikric
QF1195,ASIF MUHAMMAD CHOUDHURY,L3,B ZONE,Lumo Fikric
QF1196,ABDULLAH AL MAMUN,L3,B ZONE,Lumo Fikric
QF1197,SK MAHAMMAD ISTEYAQ BELAL,L3,B ZONE,Lumo Fikric
QF1198,ASHHADUJ JAMAN,L3,B ZONE,Lumo Fikric
QF1199,AFSAR ALI,L3,B ZONE,Lumo Fikric
QF1200,MOHD KAHAIF,L3,B ZONE,Lumo Fikric
QF1201,MOHD IKRAM HUSSAIN,L3,B ZONE,Lumo Fikric
QF1202,MD GEJALI,L3,B ZONE,Lumo Fikric
QF1203,MOSARAF HOSAAIN,L3,B ZONE,Lumo Fikric
QF1204,KAUKAB RAZA,L3,B ZONE,Lumo Fikric
QF1205,MOHD AZEEM,L2,C ZONE,Lumo Fikric
QF1206,HASSAN,L2,C ZONE,Lumo Fikric
QF1207,SAMEER MULTANI,L2,C ZONE,Lumo Fikric
QF1208,JABAR KAWARI,L2,C ZONE,Lumo Fikric
QF1209,MD MAJIDUL,L2,C ZONE,Lumo Fikric
QF1210,MUNEER,L2,C ZONE,Lumo Fikric
QF1211,MHAMMAD REHAN RAZA QADRI,L2,C ZONE,Lumo Fikric
QF1212,MOHAMMAD ASIF MIYA,L2,C ZONE,Lumo Fikric
QF1213,MO HARUN,L2,C ZONE,Lumo Fikric
QF1214,MOHAMMAD HASSAN RAZA,L2,C ZONE,Lumo Fikric
QF1215,SHAIKH MAJID,L2,C ZONE,Lumo Fikric
QF1216,SUHAIL,U2,C ZONE,Lumo Fikric
QF1217,MIDHLAJ KAMBLAKKAD,U2,C ZONE,Lumo Fikric
QF1218,SIBGATHULLA WANDOOR,U2,C ZONE,Lumo Fikric
QF1219,MUQTHAR OTTAPPALAM,U2,C ZONE,Lumo Fikric
QF1220,AFSAL PUNNATHALA,U2,C ZONE,Lumo Fikric
QF1221,NIHAD VILAYIL,U2,C ZONE,Lumo Fikric
QF1222,MUNEER VAYIKKADAV,U2,C ZONE,Lumo Fikric
QF1223,RISHAD AC,U2,C ZONE,Lumo Fikric
QF1224,NOOR KT,U2,C ZONE,Lumo Fikric
QF1225,MUHSIN AMEEN,U2,C ZONE,Lumo Fikric
QF1226,SHAFIN PC,U2,C ZONE,Lumo Fikric
QF1227,AZHAB NH GURUVAYOOR,U2,C ZONE,Lumo Fikric
QF1228,RASHAD CHETTIPPADI,U1,C ZONE,Lumo Fikric
QF1229,ALIF KOLLAM,U1,C ZONE,Lumo Fikric
QF1230,BASITH PONMUNDAM,U1,C ZONE,Lumo Fikric
QF1231,FARHAN VENGAD,U1,C ZONE,Lumo Fikric
QF1232,WARIS ADANY,TQS,A ZONE,Lumo Fikric
QF1233,SUFIYAN KOOTTAMPARA,UT4,A ZONE,Lumo Fikric
QF1234,JAFAR GUDALUR,UT3,B ZONE,Lumo Fikric
QF1235,RASHAD,UT4,A ZONE,Lumo Fikric
QF1236,SINAN EAST MALYAMMA,S3,B ZONE,Lumo Fikric
QF2001,ASHIQ ULLAL,TQS,A ZONE,Pacto Hikmic
QF2002,NASEEM PARAMBIL BAZAR,TQS,A ZONE,Pacto Hikmic
QF2003,TASHREEFUDHEEN,TQS,A ZONE,Pacto Hikmic
QF2004,SINAN NOONJIKKARA,TQS,A ZONE,Pacto Hikmic
QF2005,GAFOOR VENGARA,TQS,A ZONE,Pacto Hikmic
QF2006,MUZZAMMIL K,S4,A ZONE,Pacto Hikmic
QF2007,UMMER MUKTHAR,S4,A ZONE,Pacto Hikmic
QF2008,LATHEEF GUNAJE,S4,A ZONE,Pacto Hikmic
QF2009,HAFIL MUHAMMED SAVAD MA,S4,A ZONE,Pacto Hikmic
QF2010,ABDUL JABBAR. N,S4,A ZONE,Pacto Hikmic
QF2011,MUHAMMED ADIL TM,S4,A ZONE,Pacto Hikmic
QF2012,SABITH P,S4,A ZONE,Pacto Hikmic
QF2013,MUHAMMAD MUZZAMMIL D B,S4,A ZONE,Pacto Hikmic
QF2014,SULAIMAN KALEEL,S4,A ZONE,Pacto Hikmic
QF2015,MUHAMMAD NIZAMUDDEEN PE,S4,A ZONE,Pacto Hikmic
QF2016,MUHAMMAD HANEEF,S4,A ZONE,Pacto Hikmic
QF2017,MUHAMMED UKKASHA.A,S4,A ZONE,Pacto Hikmic
QF2018,EBRAHIM T,S4,A ZONE,Pacto Hikmic
QF2019,MOHAMMED SHAFI TH,S4,A ZONE,Pacto Hikmic
QF2020,MAHAMMAD ASHEEQ G,S4,A ZONE,Pacto Hikmic
QF2021,ABDUL RAHIMAN THAYYIB,S4,A ZONE,Pacto Hikmic
QF2022,FARHAN FAHIS TANUR,UT4,A ZONE,Pacto Hikmic
QF2023,KHUBAIB,UT4,A ZONE,Pacto Hikmic
QF2024,SWALIH,UT4,A ZONE,Pacto Hikmic
QF2025,MURTHAZA,UT4,A ZONE,Pacto Hikmic
QF2026,UMAIR,UT4,A ZONE,Pacto Hikmic
QF2027,MUHAMMED KAVVAI,UT4,A ZONE,Pacto Hikmic
QF2028,HUSSAIN,UT4,A ZONE,Pacto Hikmic
QF2029,HARIS,UT4,A ZONE,Pacto Hikmic
QF2030,IRFAN PARAPPUR,UT4,A ZONE,Pacto Hikmic
QF2031,MUZAMMIL KUMARAMPUTHUR,UT4,A ZONE,Pacto Hikmic
QF2032,FAVAS P,UH4,A ZONE,Pacto Hikmic
QF2033,HAFIZ MUEENUDHEEN,UH4,A ZONE,Pacto Hikmic
QF2034,ABDUL RAHMAN,UH4,A ZONE,Pacto Hikmic
QF2035,MUHAMMED ABUBAKAR MUHAMMED HASHIM CP,UH4,A ZONE,Pacto Hikmic
QF2036,MUHAMMED SHAMEEM,UH4,A ZONE,Pacto Hikmic
QF2037,MUHAMMED NABEEL,UH4,A ZONE,Pacto Hikmic
QF2038,MUHAMMED AMEEN KM,UH4,A ZONE,Pacto Hikmic
QF2039,SAFUVAN KK,UH4,A ZONE,Pacto Hikmic
QF2040,MD MERAJ ANSARI,UH4,A ZONE,Pacto Hikmic
QF2041,TALIB,UH4,A ZONE,Pacto Hikmic
QF2042,SAIYED MIDABBIR HUSAEN,UH4,A ZONE,Pacto Hikmic
QF2043,MANJUR ANSARI,UH4,A ZONE,Pacto Hikmic
QF2044,USMAN DU,ID4,A ZONE,Pacto Hikmic
QF2045,MIDILAJ KAKAVAYAL,ID4,A ZONE,Pacto Hikmic
QF2046,THWAHA WADOOD,ID4,A ZONE,Pacto Hikmic
QF2047,USMAN ANAS,ID4,A ZONE,Pacto Hikmic
QF2048,SHUHAIB KALAD,ID4,A ZONE,Pacto Hikmic
QF2049,SWALAHUDEEN,ID4,A ZONE,Pacto Hikmic
QF2050,MIDLAJ MAVOOR,ID4,A ZONE,Pacto Hikmic
QF2051,MUNZIR SULLYA,ID4,A ZONE,Pacto Hikmic
QF2052,MUHAMMED MP,ID4,A ZONE,Pacto Hikmic
QF2053,HUSAIN ARKYPADI,ID4,A ZONE,Pacto Hikmic
QF2054,MUZAMMIL KOYILANDI,ID4,A ZONE,Pacto Hikmic
QF2055,AFSEL,ID4,A ZONE,Pacto Hikmic
QF2056,FAYAS,ID4,A ZONE,Pacto Hikmic
QF2057,AHMED MURTHALA,ID4,A ZONE,Pacto Hikmic
QF2058,HANEEN MAHMOOD,ID4,A ZONE,Pacto Hikmic
QF2059,AJLAN,ID4,A ZONE,Pacto Hikmic
QF2060,HAINAS,ID4,A ZONE,Pacto Hikmic
QF2061,FAROOQ KINYA,ID4,A ZONE,Pacto Hikmic
QF2062,SAHALUDDEEN,ID4,A ZONE,Pacto Hikmic
QF2063,QAMARUDEEN,ID4,A ZONE,Pacto Hikmic
QF2064,SAHAL VENGAD,NF4,A ZONE,Pacto Hikmic
QF2065,HAKEEM GUDALLUR,NF4,A ZONE,Pacto Hikmic
QF2066,ASHRAF SHIMOGA,NF4,A ZONE,Pacto Hikmic
QF2067,AL SAHAF THAVANOOR,NF4,A ZONE,Pacto Hikmic
QF2068,AJMAL MUBASHIR MOGRAL,NF4,A ZONE,Pacto Hikmic
QF2069,SAJJAD PARAPPANANGADI,NF4,A ZONE,Pacto Hikmic
QF2070,SHAMMAS KURUMATHUR,NF4,A ZONE,Pacto Hikmic
QF2071,MURSHID VENNIYUR,NF4,A ZONE,Pacto Hikmic
QF2072,JUNAID TJ PUTHENCHIRA,NF4,A ZONE,Pacto Hikmic
QF2073,SHAHUDHEEN KADAPPADI,NF4,A ZONE,Pacto Hikmic
QF2074,RASHID KAREKKAD,NF4,A ZONE,Pacto Hikmic
QF2075,ISMAIL UPPINANGADI,NF4,A ZONE,Pacto Hikmic
QF2076,ANSAR EDAVAVANNAPPARA,NF4,A ZONE,Pacto Hikmic
QF2077,SINAN MANJERI,NF4,A ZONE,Pacto Hikmic
QF2078,ANEES ANDROTH,NF4,A ZONE,Pacto Hikmic
QF2079,FAVAS OLAVATTUR,NF4,A ZONE,Pacto Hikmic
QF2080,UNAIS NADAPURAM,NF4,A ZONE,Pacto Hikmic
QF2081,MIDLAJ EDAKKARA,NF4,A ZONE,Pacto Hikmic
QF2082,YASIR MEPPADI,NF4,A ZONE,Pacto Hikmic
QF2083,MIKDHAD KUZHIMANNA,NF4,A ZONE,Pacto Hikmic
QF2084,FASIL AMEEN PANG,NF4,A ZONE,Pacto Hikmic
QF2085,SAHEED KUZHIPPURAM,NF4,A ZONE,Pacto Hikmic
QF2086,SYED ISHAK S,L4,A ZONE,Pacto Hikmic
QF2087,SANABUL NADAF,L4,A ZONE,Pacto Hikmic
QF2088,ABDUL AZIZ,L4,A ZONE,Pacto Hikmic
QF2089,MD FAIZ ALAM,L4,A ZONE,Pacto Hikmic
QF2090,KUMARFARUKH AJMERI,L4,A ZONE,Pacto Hikmic
QF2091,MOHAMMAD DANIYAL FIRDOUSI RASHID PERWAIZ,L4,A ZONE,Pacto Hikmic
QF2092,MOHAMMED SHAFIQ,L4,A ZONE,Pacto Hikmic
QF2093,MOHD ARISH,L4,A ZONE,Pacto Hikmic
QF2094,MOBARAK ALI,S3,B ZONE,Pacto Hikmic
QF2095,SUFIYAN SWAFI,S3,B ZONE,Pacto Hikmic
QF2096,FAYIZ,S3,B ZONE,Pacto Hikmic
QF2097,HASHIM GS,S3,B ZONE,Pacto Hikmic
QF2098,ASHAFAQ,S3,B ZONE,Pacto Hikmic
QF2099,ARIF,S3,B ZONE,Pacto Hikmic
QF2100,BAZIL NEITHALA,S3,B ZONE,Pacto Hikmic
QF2101,NAEEM,S3,B ZONE,Pacto Hikmic
QF2102,NOUSEEN,S3,B ZONE,Pacto Hikmic
QF2103,SWAFWAN BEDRODI,S3,B ZONE,Pacto Hikmic
QF2104,SABIQ,S3,B ZONE,Pacto Hikmic
QF2105,ASHIQ JAVAD,S3,B ZONE,Pacto Hikmic
QF2106,MU,THASIM BILLA,S3,B ZONE,Pacto Hikmic
QF2107,IRSHAD,S3,B ZONE,Pacto Hikmic
QF2108,MINHAJ,S3,B ZONE,Pacto Hikmic
QF2109,FAYIZ,S3,B ZONE,Pacto Hikmic
QF2110,BSHRUL ABID KP,UT3,B ZONE,Pacto Hikmic
QF2111,P A ABDUL HAFEEZ,UT3,B ZONE,Pacto Hikmic
QF2112,MUHAMMED BUJAIR A,UT3,B ZONE,Pacto Hikmic
QF2113,MINHAJ VI,UT3,B ZONE,Pacto Hikmic
QF2114,MOHAMMAD MUBASHIR,UT3,B ZONE,Pacto Hikmic
QF2115,MUHAMMED ABDUL VAHID,UT3,B ZONE,Pacto Hikmic
QF2116,MUHAMMAD IMTHIYAZ,UT3,B ZONE,Pacto Hikmic
QF2117,MUHAMMED UNAIS PA,UT3,B ZONE,Pacto Hikmic
QF2118,FAZL PV,UT3,B ZONE,Pacto Hikmic
QF2119,ZUBAIR,UT3,B ZONE,Pacto Hikmic
QF2120,MUHAMMED SAFEEL,UT3,B ZONE,Pacto Hikmic
QF2121,ABDURAHMAN YASIR,UT3,B ZONE,Pacto Hikmic
QF2122,NASEEB,UT3,B ZONE,Pacto Hikmic
QF2123,MUHAMMED HASHIR RA,UT3,B ZONE,Pacto Hikmic
QF2124,AFSAL EV,UH3,B ZONE,Pacto Hikmic
QF2125,NOORUL AMEEN,UH3,B ZONE,Pacto Hikmic
QF2126,YASEEN PT,UH3,B ZONE,Pacto Hikmic
QF2127,THAUFEEQ,UH3,B ZONE,Pacto Hikmic
QF2128,NOORUL ASLAM,UH3,B ZONE,Pacto Hikmic
QF2129,ASHFAQU RAHMAN,UH3,B ZONE,Pacto Hikmic
QF2130,SAYYID SADAKATHULLA,UH3,B ZONE,Pacto Hikmic
QF2131,MOHINUDDIN RAZI,UH3,B ZONE,Pacto Hikmic
QF2132,SABITH,UH3,B ZONE,Pacto Hikmic
QF2133,SUFAID KT,UH3,B ZONE,Pacto Hikmic
QF2134,SAYYID SAEED KK,UH3,B ZONE,Pacto Hikmic
QF2135,UBAID RAZA MURSAINA,UH3,B ZONE,Pacto Hikmic
QF2136,SHAFI ASLAM PALLIPADI,ID3,B ZONE,Pacto Hikmic
QF2137,SHAREEF KOOTTAVIL,ID3,B ZONE,Pacto Hikmic
QF2138,RABAH ALPARAMBA,ID3,B ZONE,Pacto Hikmic
QF2139,HASHIM PUTHUPONNANI,ID3,B ZONE,Pacto Hikmic
QF2140,YAHYA POOVAKKODE,ID3,B ZONE,Pacto Hikmic
QF2141,SALMAN MANIPURAM,ID3,B ZONE,Pacto Hikmic
QF2142,SHAHIN TIRURANGADI,ID3,B ZONE,Pacto Hikmic
QF2143,IRFAN CHERUVERY,ID3,B ZONE,Pacto Hikmic
QF2144,MUNAVIR KALAMASSERY,ID3,B ZONE,Pacto Hikmic
QF2145,BADUSHA KARIMANNOOR,ID3,B ZONE,Pacto Hikmic
QF2146,SWALIH WANDOOR,ID3,B ZONE,Pacto Hikmic
QF2147,MUSLIH KULAMUKKU,ID3,B ZONE,Pacto Hikmic
QF2148,AMEEN MAHAMOOD ELAD,ID3,B ZONE,Pacto Hikmic
QF2149,MURSHID ANEKAL,ID3,B ZONE,Pacto Hikmic
QF2150,NIHAL ATHIPPATTA,ID3,B ZONE,Pacto Hikmic
QF2151,KHUBAIB PALATHARA GAITE,ID3,B ZONE,Pacto Hikmic
QF2152,FARIS CHELARI,ID3,B ZONE,Pacto Hikmic
QF2153,BASIL THALAKKADATHUR,ID3,B ZONE,Pacto Hikmic
QF2154,MUJEEB RAHMAN PAINGOTTOOR,ID3,B ZONE,Pacto Hikmic
QF2155,JASEEL IRIKKUR,ID3,B ZONE,Pacto Hikmic
QF2156,MUSTHAFA NAVOOR,ID3,B ZONE,Pacto Hikmic
QF2157,SHAMEEMUDHEEN PULIYATUKULAM,ID3,B ZONE,Pacto Hikmic
QF2158,HASHIM KAIPAMANGALAM,ID3,B ZONE,Pacto Hikmic
QF2159,HISHAM KODASSERI,ID3,B ZONE,Pacto Hikmic
QF2160,AKHIL SHAN,NF3,B ZONE,Pacto Hikmic
QF2161,MUHAMMED SWALIH,NF3,B ZONE,Pacto Hikmic
QF2162,MUHAMMED AJMAL VK,NF3,B ZONE,Pacto Hikmic
QF2163,MUHAMMED ABDULLAH P,NF3,B ZONE,Pacto Hikmic
QF2164,MUHAMMED AJMAL,NF3,B ZONE,Pacto Hikmic
QF2165,ABDUL MATHEEN UK,NF3,B ZONE,Pacto Hikmic
QF2166,MUHAMMAD HARIS T,NF3,B ZONE,Pacto Hikmic
QF2167,MUHAMMED SWAFWAN P,NF3,B ZONE,Pacto Hikmic
QF2168,MUHAMMED ANAS CP,NF3,B ZONE,Pacto Hikmic
QF2169,FAISAL A,NF3,B ZONE,Pacto Hikmic
QF2170,AHMED SINAN,NF3,B ZONE,Pacto Hikmic
QF2171,MUHSIN,NF3,B ZONE,Pacto Hikmic
QF2172,MUHAMMED JUNAID TM,NF3,B ZONE,Pacto Hikmic
QF2173,MUHAMMED MUHASHIB T,NF3,B ZONE,Pacto Hikmic
QF2174,ARIFUDHEEN K,NF3,B ZONE,Pacto Hikmic
QF2175,MUHAMMED AJMAL,NF3,B ZONE,Pacto Hikmic
QF2176,MUHAMMED NASIR CK,NF3,B ZONE,Pacto Hikmic
QF2177,AMEER MA,NF3,B ZONE,Pacto Hikmic
QF2178,AQIB CV,NF3,B ZONE,Pacto Hikmic
QF2179,ASHKER,NF3,B ZONE,Pacto Hikmic
QF2180,MUHAMMED JUNAID,NF3,B ZONE,Pacto Hikmic
QF2181,AJMAL KM,NF3,B ZONE,Pacto Hikmic
QF2182,MUHAMMED RASHID PP,NF3,B ZONE,Pacto Hikmic
QF2183,MUJEEB RAHMAN,NF3,B ZONE,Pacto Hikmic
QF2184,SHAHBAZ ALAM,L3,B ZONE,Pacto Hikmic
QF2185,MAHAMMAD GOLAM MOHIUDDIN KHAN,L3,B ZONE,Pacto Hikmic
QF2186,SAID ALAM,L3,B ZONE,Pacto Hikmic
QF2187,SAMAD HOSSAIN,L3,B ZONE,Pacto Hikmic
QF2188,PARVEZ KHAN,L3,B ZONE,Pacto Hikmic
QF2189,AFSAR,L3,B ZONE,Pacto Hikmic
QF2190,MOJAMMEL HOQUE,L3,B ZONE,Pacto Hikmic
QF2191,SAHIM SARKAR,L3,B ZONE,Pacto Hikmic
QF2192,SHANAWAZ ALAM,L3,B ZONE,Pacto Hikmic
QF2193,SHAMS IQBAL,L3,B ZONE,Pacto Hikmic
QF2194,MD ASAD RAZA NOORI,L3,B ZONE,Pacto Hikmic
QF2195,MOHAMMAD ANISH,L3,B ZONE,Pacto Hikmic
QF2196,IRFAN MANSURI,L2,C ZONE,Pacto Hikmic
QF2197,MD SANI,L2,C ZONE,Pacto Hikmic
QF2198,AKMAL RAZA,L2,C ZONE,Pacto Hikmic
QF2199,IZHAR ASHRAF,L2,C ZONE,Pacto Hikmic
QF2200,ASIF KHAN,L2,C ZONE,Pacto Hikmic
QF2201,MOHIB ALAM,L2,C ZONE,Pacto Hikmic
QF2202,REHAN KHAN,L2,C ZONE,Pacto Hikmic
QF2203,MOHAMMAD ASIF ALI,L2,C ZONE,Pacto Hikmic
QF2204,NASIM RAJA,L2,C ZONE,Pacto Hikmic
QF2205,MD GUFRAN,L2,C ZONE,Pacto Hikmic
QF2206,FAIJAN ALI,L2,C ZONE,Pacto Hikmic
QF2207,BASHIR KNR,U2,C ZONE,Pacto Hikmic
QF2208,SAFVAN KAMBLAKKAD,U2,C ZONE,Pacto Hikmic
QF2209,MINHAJ PARAVOOR,U2,C ZONE,Pacto Hikmic
QF2210,SWALIH MAVOOR,U2,C ZONE,Pacto Hikmic
QF2211,NAFIL M,U2,C ZONE,Pacto Hikmic
QF2212,SHAHID MANOOR,U2,C ZONE,Pacto Hikmic
QF2213,MUHAMMAD HASAN HISHAM,U2,C ZONE,Pacto Hikmic
QF2214,SABITH CP,U2,C ZONE,Pacto Hikmic
QF2215,MUHAMMAD MIDHLAJ,U2,C ZONE,Pacto Hikmic
QF2216,MUHAMMAD ALI VAFA,U2,C ZONE,Pacto Hikmic
QF2217,SUHAIL MP,U2,C ZONE,Pacto Hikmic
QF2218,MUHAMMED SHANIL P PAYAMPARAMBA,U2,C ZONE,Pacto Hikmic
QF2219,BASITH TOTTASERY,U1,C ZONE,Pacto Hikmic
QF2220,NASEEM ELAMARAM,U1,C ZONE,Pacto Hikmic
QF2221,MANSOOR VILAYIL,U1,C ZONE,Pacto Hikmic
QF2222,MIQDAD PAKKANA,U1,C ZONE,Pacto Hikmic
QF2223,MIDLAJ PADLADKA,U1,C ZONE,Pacto Hikmic
QF2224,BASIL ADANY,TQS,A ZONE,Pacto Hikmic
QF2225,ASHIQ CHENGANASSERI,S4,A ZONE,Pacto Hikmic
QF2226,UVAIS PALLAM,ID3,B ZONE,Pacto Hikmic
QF2227,ZAINUL ABID,UH3,B ZONE,Pacto Hikmic
QF2228,SHAHUL HAMEED,S4,A ZONE,Pacto Hikmic
QF2229,MUHAMMED M,S4,A ZONE,Pacto Hikmic
QF3001,IMRAN MAVINAKATT,TQS,A ZONE,Conco Majdic
QF3002,SYD SWABAH,TQS,A ZONE,Conco Majdic
QF3003,MIDLAJ MANGAD,TQS,A ZONE,Conco Majdic
QF3004,KABEER KUTTOTH,TQS,A ZONE,Conco Majdic
QF3005,MUBASHIR POONOOR,TQS,A ZONE,Conco Majdic
QF3006,UVAIS ARUVAL,TQS,A ZONE,Conco Majdic
QF3007,MUHAMMED UVAIS AM,S4,A ZONE,Conco Majdic
QF3008,MOHAMMAD RASHID KA,S4,A ZONE,Conco Majdic
QF3009,ABDUL KADIR.K,S4,A ZONE,Conco Majdic
QF3010,MOHAMMED FARAZ,S4,A ZONE,Conco Majdic
QF3011,AFTHAB HUSSAIN TT,S4,A ZONE,Conco Majdic
QF3012,ABDUL KHADAR SINAN,S4,A ZONE,Conco Majdic
QF3013,ABDUL VADOOD KP,S4,A ZONE,Conco Majdic
QF3014,MUHAMMED UNAIS,S4,A ZONE,Conco Majdic
QF3015,MAHAMMAD KHALLAD,S4,A ZONE,Conco Majdic
QF3016,IRSHAD CV,S4,A ZONE,Conco Majdic
QF3017,KP MUHAMMAD ASHIK,S4,A ZONE,Conco Majdic
QF3018,MUHAMMED ZAKKIYUDHEEN CM,S4,A ZONE,Conco Majdic
QF3019,SAVAD PM,S4,A ZONE,Conco Majdic
QF3020,RAMSHAD KK,S4,A ZONE,Conco Majdic
QF3021,AHMADUN NOOR E,S4,A ZONE,Conco Majdic
QF3022,NIZAMUDHEEN,UT4,A ZONE,Conco Majdic
QF3023,IMTHIYAZ,UT4,A ZONE,Conco Majdic
QF3024,NOORUL AMEEN,UT4,A ZONE,Conco Majdic
QF3025,RINSHAD K,UT4,A ZONE,Conco Majdic
QF3026,ANAS CP,UT4,A ZONE,Conco Majdic
QF3027,SEYYID ZUHAIR,UT4,A ZONE,Conco Majdic
QF3028,RINSHAD NARIKKUNI,UT4,A ZONE,Conco Majdic
QF3029,SHAKIR PARAVOOR,UT4,A ZONE,Conco Majdic
QF3030,AMEEN PULLANNOOR,UT4,A ZONE,Conco Majdic
QF3031,IRFAN PALLAPPADY,UT4,A ZONE,Conco Majdic
QF3032,GAFOOR MUHAMMED KHAN,UH4,A ZONE,Conco Majdic
QF3033,MUHAMMED JAVAD CK,UH4,A ZONE,Conco Majdic
QF3034,AYYOOB MA,UH4,A ZONE,Conco Majdic
QF3035,UVAIS CP,UH4,A ZONE,Conco Majdic
QF3036,MUHAMMAD SABITH PK,UH4,A ZONE,Conco Majdic
QF3037,HAFIZ MUHAMMED JUNAID PT,UH4,A ZONE,Conco Majdic
QF3038,MUHAMMED SUFYAN K,UH4,A ZONE,Conco Majdic
QF3039,MUHAMMED HASAN K,UH4,A ZONE,Conco Majdic
QF3040,MUHAMMAD AFSAR,UH4,A ZONE,Conco Majdic
QF3041,MUHAMMED SUHIAL P,UH4,A ZONE,Conco Majdic
QF3042,INZIMAMUL HAQ ATHANIYA,UH4,A ZONE,Conco Majdic
QF3043,ANWAR ATA,UH4,A ZONE,Conco Majdic
QF3044,TABREJ ALAM,UH4,A ZONE,Conco Majdic
QF3045,HASNAIN RAZA,UH4,A ZONE,Conco Majdic
QF3046,SOUBAN HAMDANI,ID4,A ZONE,Conco Majdic
QF3047,LUKUMAN DHEEP,ID4,A ZONE,Conco Majdic
QF3048,SUHAIL VALANJERI,ID4,A ZONE,Conco Majdic
QF3049,JUNAID PATHINARUNGAL,ID4,A ZONE,Conco Majdic
QF3050,AMEER SHA,ID4,A ZONE,Conco Majdic
QF3051,HAFIL RABEEU,ID4,A ZONE,Conco Majdic
QF3052,ANSARI,ID4,A ZONE,Conco Majdic
QF3053,MASHOOD KODUVALLI,ID4,A ZONE,Conco Majdic
QF3054,MAQDHOOM,ID4,A ZONE,Conco Majdic
QF3055,MASHOOD,ID4,A ZONE,Conco Majdic
QF3056,SHIBIN,ID4,A ZONE,Conco Majdic
QF3057,JASIR,ID4,A ZONE,Conco Majdic
QF3058,FELULURAHMAN,ID4,A ZONE,Conco Majdic
QF3059,ASIM MK,ID4,A ZONE,Conco Majdic
QF3060,SAWAD MELMURI,ID4,A ZONE,Conco Majdic
QF3061,RIZWAN,ID4,A ZONE,Conco Majdic
QF3062,THAJUDEEN,ID4,A ZONE,Conco Majdic
QF3063,SHAMIL PAYYOLI,ID4,A ZONE,Conco Majdic
QF3064,SIDEEQ CHEVAR,ID4,A ZONE,Conco Majdic
QF3065,SALMAN ERNAKULAM,ID4,A ZONE,Conco Majdic
QF3066,MUSHTHAFA VILAYUR,NF4,A ZONE,Conco Majdic
QF3067,THAMEEM,NF4,A ZONE,Conco Majdic
QF3068,AJHAR KOTTUKARA,NF4,A ZONE,Conco Majdic
QF3069,SUHAIL MAMBAD,NF4,A ZONE,Conco Majdic
QF3070,KAREEM,NF4,A ZONE,Conco Majdic
QF3071,JASIR KODAG,NF4,A ZONE,Conco Majdic
QF3072,SINANUL AMEEN,NF4,A ZONE,Conco Majdic
QF3073,MUHAMMED SALIM,NF4,A ZONE,Conco Majdic
QF3074,DAVOODUL HAKEEM,NF4,A ZONE,Conco Majdic
QF3075,ZAID,NF4,A ZONE,Conco Majdic
QF3076,MUNNAVAR,NF4,A ZONE,Conco Majdic
QF3077,SHAFEEQ,NF4,A ZONE,Conco Majdic
QF3078,MIDHLAJ MARUTHA,NF4,A ZONE,Conco Majdic
QF3079,FAZAL NILESHWARAM,NF4,A ZONE,Conco Majdic
QF3080,ANWAR JAMAL,NF4,A ZONE,Conco Majdic
QF3081,MUHSIN SABITH,NF4,A ZONE,Conco Majdic
QF3082,ABDU RAHMAN,NF4,A ZONE,Conco Majdic
QF3083,HASHIR GUNAJE,NF4,A ZONE,Conco Majdic
QF3084,AHMAD JALAL,NF4,A ZONE,Conco Majdic
QF3085,SHAMNAD,NF4,A ZONE,Conco Majdic
QF3086,SHAMEEM,NF4,A ZONE,Conco Majdic
QF3087,MD ROMJAN AHMED,L4,A ZONE,Conco Majdic
QF3088,NAZIR,L4,A ZONE,Conco Majdic
QF3089,MD SAJID RAZA,L4,A ZONE,Conco Majdic
QF3090,MOHD MAHTAB,L4,A ZONE,Conco Majdic
QF3091,MASUD ALI,L4,A ZONE,Conco Majdic
QF3092,M.MUZZAMMIL RAZAVI,L4,A ZONE,Conco Majdic
QF3093,ATIF RAZA,L4,A ZONE,Conco Majdic
QF3094,MOHAMMED NAWSHEER,L4,A ZONE,Conco Majdic
QF3095,HAFIZ MIR ZAHID,L4,A ZONE,Conco Majdic
QF3096,YASIR RILWAN,S3,B ZONE,Conco Majdic
QF3097,ASLAM,S3,B ZONE,Conco Majdic
QF3098,SALIM,S3,B ZONE,Conco Majdic
QF3099,SALIM TALAYAD,S3,B ZONE,Conco Majdic
QF3100,SHAREEK,S3,B ZONE,Conco Majdic
QF3101,SINAN TURAKKAL,S3,B ZONE,Conco Majdic
QF3102,BASIL PARAPPUTHADAM,S3,B ZONE,Conco Majdic
QF3103,JUNAID PANDIYATTUPURAM,S3,B ZONE,Conco Majdic
QF3104,MUJTHABA,S3,B ZONE,Conco Majdic
QF3105,SAMSHAD,S3,B ZONE,Conco Majdic
QF3106,ABOOBACKER HASHIK KVNR,S3,B ZONE,Conco Majdic
QF3107,MUHAMMED KADAVATHUR,S3,B ZONE,Conco Majdic
QF3108,SHANIL ATHAVANAD,S3,B ZONE,Conco Majdic
QF3109,SULTHAN ABOOBTWAHIR,S3,B ZONE,Conco Majdic
QF3110,SHIBILI,S3,B ZONE,Conco Majdic
QF3111,THASLEEMUDHEEN.K,UT3,B ZONE,Conco Majdic
QF3112,MOHAMMED SAHADUDDEEN,UT3,B ZONE,Conco Majdic
QF3113,MUHAMMED ASHIQ C,UT3,B ZONE,Conco Majdic
QF3114,AHMED SWALAH,UT3,B ZONE,Conco Majdic
QF3115,MUHAMMED SAFWAN GUDALLUR,UT3,B ZONE,Conco Majdic
QF3116,ABDUL HADI BA,UT3,B ZONE,Conco Majdic
QF3117,MUHAMMED NIZAMUDHIN.FM,UT3,B ZONE,Conco Majdic
QF3118,AMEEN,UT3,B ZONE,Conco Majdic
QF3119,MANSOOR,UT3,B ZONE,Conco Majdic
QF3120,CH SHAMSUDHEEN,UT3,B ZONE,Conco Majdic
QF3121,MIDLAJ TP,UT3,B ZONE,Conco Majdic
QF3122,NAFIH,UT3,B ZONE,Conco Majdic
QF3123,SALMAN FARIS PP,UT3,B ZONE,Conco Majdic
QF3124,MUHAMMED SAFWAN ARAKKUPARAMBA,UT3,B ZONE,Conco Majdic
QF3125,RAMEEZ,UH3,B ZONE,Conco Majdic
QF3126,YUNUS. K,UH3,B ZONE,Conco Majdic
QF3127,ABDUL BARI. P,UH3,B ZONE,Conco Majdic
QF3128,SAHAD. KP,UH3,B ZONE,Conco Majdic
QF3129,NOUSHAD,UH3,B ZONE,Conco Majdic
QF3130,SHUHAIB,UH3,B ZONE,Conco Majdic
QF3131,IBRAHIM KHALEEL,UH3,B ZONE,Conco Majdic
QF3132,NIYAZ,UH3,B ZONE,Conco Majdic
QF3133,HAFIZ RABEEH,UH3,B ZONE,Conco Majdic
QF3134,FAYIS MUHAMMED,UH3,B ZONE,Conco Majdic
QF3135,HASANIL AMEEN,UH3,B ZONE,Conco Majdic
QF3136,YASEEN ABDUL QADIR NAGAR,UH3,B ZONE,Conco Majdic
QF3137,ABDUL ALEEM ALI CHANDPUR,UH3,B ZONE,Conco Majdic
QF3138,GULAM NABI GAIBIPUR,UH3,B ZONE,Conco Majdic
QF3139,MOHAMMAD NADEEM MIRA ROAD EAST,UH3,B ZONE,Conco Majdic
QF3140,MD SHAKIL AKHTHAR HORINKOL,UH3,B ZONE,Conco Majdic
QF3141,MOHAMMAD NOORULAIN MUNDIA NASEER,UH3,B ZONE,Conco Majdic
QF3142,SALMANUL FARIS VENGARA,ID3,B ZONE,Conco Majdic
QF3143,SINAN VK KANTHAPURAM,ID3,B ZONE,Conco Majdic
QF3144,NISAMUDHEEN KOOTTAVIL,ID3,B ZONE,Conco Majdic
QF3145,SINAN NELLIPPARAMB,ID3,B ZONE,Conco Majdic
QF3146,IDREES PERUMUGAM,ID3,B ZONE,Conco Majdic
QF3147,SABEER RASHEED EDAVETTY,ID3,B ZONE,Conco Majdic
QF3148,MUNZIR SALETHUR,ID3,B ZONE,Conco Majdic
QF3149,YOUNUS KK MALIKKUNN,ID3,B ZONE,Conco Majdic
QF3150,HASHIM CHEVAR,ID3,B ZONE,Conco Majdic
QF3151,HAMZA PAZHAYA LAKKIDI,ID3,B ZONE,Conco Majdic
QF3152,SINAN CHAILILKUNDU,ID3,B ZONE,Conco Majdic
QF3153,MUFEED VILAYUR,ID3,B ZONE,Conco Majdic
QF3154,SHANAAD PAVUKONAM,ID3,B ZONE,Conco Majdic
QF3155,FAZIL AHMAD JEPPINAMOGARU,ID3,B ZONE,Conco Majdic
QF3156,SINAN CK KURUDIMUKK,ID3,B ZONE,Conco Majdic
QF3157,SHARAFUDHEEN THANIYAMPURAM,ID3,B ZONE,Conco Majdic
QF3158,SAHAL NADAPURAM,ID3,B ZONE,Conco Majdic
QF3159,UNAIS KALADY,ID3,B ZONE,Conco Majdic
QF3160,SHABEEB NADAMMALPOYIL,ID3,B ZONE,Conco Majdic
QF3161,THAMEEM HUSAIN BAJARA,ID3,B ZONE,Conco Majdic
QF3162,MUHSIN KARAKKUNN,ID3,B ZONE,Conco Majdic
QF3163,RASHID CHELEMBRA,ID3,B ZONE,Conco Majdic
QF3164,RISHAD THEKKUNN,ID3,B ZONE,Conco Majdic
QF3165,ANAS KK KOTTAKKAVAYAL,ID3,B ZONE,Conco Majdic
QF3166,RIFAYI,ID3,B ZONE,Conco Majdic
QF3167,MUHAMMED SUFYAN,NF3,B ZONE,Conco Majdic
QF3168,BADRUDHEEN,NF3,B ZONE,Conco Majdic
QF3169,MUHAMMED SINAN NK,NF3,B ZONE,Conco Majdic
QF3170,MUHAMMED JAFAR K,NF3,B ZONE,Conco Majdic
QF3171,MANSOOR AHMED,NF3,B ZONE,Conco Majdic
QF3172,MUHAMMED ANSIL TP,NF3,B ZONE,Conco Majdic
QF3173,MUHAMMED JAVAD KP,NF3,B ZONE,Conco Majdic
QF3174,MUHAMMED HASANUL BASARI,NF3,B ZONE,Conco Majdic
QF3175,MUHAMMED MUSTHAFA KP,NF3,B ZONE,Conco Majdic
QF3176,MUHAMMED FARIS M,NF3,B ZONE,Conco Majdic
QF3177,MUHAMMED MIQDAD,NF3,B ZONE,Conco Majdic
QF3178,ABUTHAHIR,NF3,B ZONE,Conco Majdic
QF3179,SWAFWAN MH,NF3,B ZONE,Conco Majdic
QF3180,MUHAMMED SALIM,NF3,B ZONE,Conco Majdic
QF3181,MUHAMMED WASIL MT,NF3,B ZONE,Conco Majdic
QF3182,ADHIL MUHAMMED,NF3,B ZONE,Conco Majdic
QF3183,IRFAN HABEEB,NF3,B ZONE,Conco Majdic
QF3184,MUHAMMED ARSHAD EK,NF3,B ZONE,Conco Majdic
QF3185,FASALU RAHMAN,NF3,B ZONE,Conco Majdic
QF3186,MUHAMMED MUZAMMIL P,NF3,B ZONE,Conco Majdic
QF3187,MUHAMMED ZIYAD AK,NF3,B ZONE,Conco Majdic
QF3188,HAMID M,NF3,B ZONE,Conco Majdic
QF3189,ZAID MUHAMMED,NF3,B ZONE,Conco Majdic
QF3190,HAFIZ M YAZEED,NF3,B ZONE,Conco Majdic
QF3191,AMEEN KK CHEMBILODE,NF3,B ZONE,Conco Majdic
QF3192,MUHAMMAD ALTHAF,L3,B ZONE,Conco Majdic
QF3193,MAHAMMAD SAFWAN,L3,B ZONE,Conco Majdic
QF3194,MOHAMMED SALMAN FARISH,L3,B ZONE,Conco Majdic
QF3195,IBRAHIM BATHISHA,L3,B ZONE,Conco Majdic
QF3196,RIHAN AHAMED,L3,B ZONE,Conco Majdic
QF3197,GULAM RABBANI,L3,B ZONE,Conco Majdic
QF3198,MD SANAUL RAZA,L3,B ZONE,Conco Majdic
QF3199,MAMUN ALI,L3,B ZONE,Conco Majdic
QF3200,SALIK REZA,L3,B ZONE,Conco Majdic
QF3201,JAWED ALI,L3,B ZONE,Conco Majdic
QF3202,TAHSIM SHEKH,L3,B ZONE,Conco Majdic
QF3203,EMAM SK,L3,B ZONE,Conco Majdic
QF3204,ABDULLAH REZA,L2,C ZONE,Conco Majdic
QF3205,JAMIL MOMIN,L2,C ZONE,Conco Majdic
QF3206,KISMAT ALI,L2,C ZONE,Conco Majdic
QF3207,MUSTAFA BIN NASIR,L2,C ZONE,Conco Majdic
QF3208,IZAZ BADSHA,L2,C ZONE,Conco Majdic
QF3209,SEKH ABDULLAHA,L2,C ZONE,Conco Majdic
QF3210,OWAIS RAZA,L2,C ZONE,Conco Majdic
QF3211,HAMID RAZA,L2,C ZONE,Conco Majdic
QF3212,DARAJUL HOQUE,L2,C ZONE,Conco Majdic
QF3213,ABBAS ALI,L2,C ZONE,Conco Majdic
QF3214,MD NEYAZ ANWAR,L2,C ZONE,Conco Majdic
QF3215,ZAINUDEEN BATHERY,U2,C ZONE,Conco Majdic
QF3216,SINAN OORAKAM,U2,C ZONE,Conco Majdic
QF3217,FAROOQ MANJERI,U2,C ZONE,Conco Majdic
QF3218,BASITH KUMMINIPPARANBU,U2,C ZONE,Conco Majdic
QF3219,RAHID KARIPPODI,U2,C ZONE,Conco Majdic
QF3220,AMEEN MANNARKKAD,U2,C ZONE,Conco Majdic
QF3221,MUHAMMAD MUSTHAFA MUTHUKUMPURAM,U2,C ZONE,Conco Majdic
QF3222,MUHAMMAD ALI KP,U2,C ZONE,Conco Majdic
QF3223,K MUHAMMAD NIJAMUDDEEN,U2,C ZONE,Conco Majdic
QF3224,MUHAMMED SHANIB B KAKKAD,U2,C ZONE,Conco Majdic
QF3225,MUBEENUL HAQUE M PAZHAYAVANIAMBALAM,U2,C ZONE,Conco Majdic
QF3226,SHARAF KAVANOOR,U1,C ZONE,Conco Majdic
QF3227,MUSHARAF KOLAPPURAM,U1,C ZONE,Conco Majdic
QF3228,SHAFI PINANGODE,U1,C ZONE,Conco Majdic
QF3229,BASITH KANTHAPURAM,U1,C ZONE,Conco Majdic
QF3230,SINAN SAQAFI VELLIMUTTAM,TQS,A ZONE,Conco Majdic
QF3231,MUSHARAF PONNANI,ID4,A ZONE,Conco Majdic
QF3232,ZAINUL ABID VAVAD,NF3,B ZONE,Conco Majdic
QF3233,SAYYID ASIF MASHHOOR,S4,A ZONE,Conco Majdic
QF3234,ASADULLAH,UT4,A ZONE,Conco Majdic
QF3235,MUNAVIR VAVOOR,S3,B ZONE,Conco Majdic
QF3236,AZHARUDHEEN,S3,B ZONE,Conco Majdic
QF4001,SYD JAZOOL BAHASAN,TQS,A ZONE,Unio Hilmic
QF4002,SWADIQ SREEPUSHKARAM,TQS,A ZONE,Unio Hilmic
QF4003,SINAN VAZHIKKADAV,TQS,A ZONE,Unio Hilmic
QF4004,SINAN KARAKKUNN,TQS,A ZONE,Unio Hilmic
QF4005,ANSHID TP,TQS,A ZONE,Unio Hilmic
QF4006,ABOOBACKER SIDDIQ ANANTHAVOOR,TQS,A ZONE,Unio Hilmic
QF4007,JAMSHAD.C,S4,A ZONE,Unio Hilmic
QF4008,MOHAMMED MUBASSIR TC,S4,A ZONE,Unio Hilmic
QF4009,MUHAMMED YOUNUS P,S4,A ZONE,Unio Hilmic
QF4010,MUHAMMAD JUBAIR KP,S4,A ZONE,Unio Hilmic
QF4011,ABDUL BASITH,S4,A ZONE,Unio Hilmic
QF4012,ABU HAMID. K,S4,A ZONE,Unio Hilmic
QF4013,ABDUL MANAF B A,S4,A ZONE,Unio Hilmic
QF4014,SALMAN KK,S4,A ZONE,Unio Hilmic
QF4015,SAFWAN EK,S4,A ZONE,Unio Hilmic
QF4016,MUHAMMED SHANID NK,S4,A ZONE,Unio Hilmic
QF4017,MUHAMMED NAJMUDEEN ABBAS MV,S4,A ZONE,Unio Hilmic
QF4018,MUHAMMED MANZOOR K,S4,A ZONE,Unio Hilmic
QF4019,MUHAMMED AFTHAB.M,S4,A ZONE,Unio Hilmic
QF4020,MUHAMMED NASEEF PC,S4,A ZONE,Unio Hilmic
QF4021,MUHAMMED UNAIS. AK,S4,A ZONE,Unio Hilmic
QF4022,ZAINUDHEEN,UT4,A ZONE,Unio Hilmic
QF4023,SHURAHBEEL KATHIROOR,UT4,A ZONE,Unio Hilmic
QF4024,JUNAID KANNUR,UT4,A ZONE,Unio Hilmic
QF4025,ASAF,UT4,A ZONE,Unio Hilmic
QF4026,FAZIL ZIYAD,UT4,A ZONE,Unio Hilmic
QF4027,NABEEL MUHAMMED PAYYOLI,UT4,A ZONE,Unio Hilmic
QF4028,ABDURAHMAN IRUMBUZI,UT4,A ZONE,Unio Hilmic
QF4029,MURSHID TANALUR,UT4,A ZONE,Unio Hilmic
QF4030,SAMEEL KANNUR,UT4,A ZONE,Unio Hilmic
QF4031,ZAINUL ABIDEEN CHANGARA,UT4,A ZONE,Unio Hilmic
QF4032,HANEEF SHIMOGA,UT4,A ZONE,Unio Hilmic
QF4033,MUHAMMED RAZEEN,UH4,A ZONE,Unio Hilmic
QF4034,MOHAMMED IBRAHIM,UH4,A ZONE,Unio Hilmic
QF4035,MUHAMMED FAVAS KP,UH4,A ZONE,Unio Hilmic
QF4036,MUHAMMED RABEEH TK,UH4,A ZONE,Unio Hilmic
QF4037,YASAR ARAFATH,UH4,A ZONE,Unio Hilmic
QF4038,MUHAMMED SUHIAL TK,UH4,A ZONE,Unio Hilmic
QF4039,MUHAMMED AMAN,UH4,A ZONE,Unio Hilmic
QF4040,MUHAMMED SALIM VP,UH4,A ZONE,Unio Hilmic
QF4041,SINAN KP,UH4,A ZONE,Unio Hilmic
QF4042,PARVEZ HUSIAN,UH4,A ZONE,Unio Hilmic
QF4043,MOHAMMED AFROJ,UH4,A ZONE,Unio Hilmic
QF4044,MOHD SHAHAZAD RAZA,UH4,A ZONE,Unio Hilmic
QF4045,ABDUR RAQEEB,UH4,A ZONE,Unio Hilmic
QF4046,JAMSHEED ALAM,UH4,A ZONE,Unio Hilmic
QF4047,ZAHID KARNATAKA,ID4,A ZONE,Unio Hilmic
QF4048,LUKUMAN POOKIPARAMB,ID4,A ZONE,Unio Hilmic
QF4049,JURAIJ CHIYOOR,ID4,A ZONE,Unio Hilmic
QF4050,ANAS BAFAQI,ID4,A ZONE,Unio Hilmic
QF4051,SAYYID SHEBEER,ID4,A ZONE,Unio Hilmic
QF4052,ABDULLA HASHIR,ID4,A ZONE,Unio Hilmic
QF4053,MUHAMMED ASIF,ID4,A ZONE,Unio Hilmic
QF4054,RASHEED K,ID4,A ZONE,Unio Hilmic
QF4055,SAEED PK,ID4,A ZONE,Unio Hilmic
QF4056,JUNAID KANTHAPURAM,ID4,A ZONE,Unio Hilmic
QF4057,HASSAN ANAS,ID4,A ZONE,Unio Hilmic
QF4058,RASHID MANJERI,ID4,A ZONE,Unio Hilmic
QF4059,BADUSHA OMSRY,ID4,A ZONE,Unio Hilmic
QF4060,ABOOBACKER,ID4,A ZONE,Unio Hilmic
QF4061,ABDURAHMAN KARNATAKA,ID4,A ZONE,Unio Hilmic
QF4062,ABDU SAMAD,ID4,A ZONE,Unio Hilmic
QF4063,SAYYID SINAN,ID4,A ZONE,Unio Hilmic
QF4064,ANAS VALLAPPUZHA,ID4,A ZONE,Unio Hilmic
QF4065,SAYYID MUHAMMED HYDROS,ID4,A ZONE,Unio Hilmic
QF4066,MIDLAJ PULIKKAL,ID4,A ZONE,Unio Hilmic
QF4067,NOUFAL PAYYANNUR,NF4,A ZONE,Unio Hilmic
QF4068,MUZAMMIL PAYYOLI,NF4,A ZONE,Unio Hilmic
QF4069,BASITH NANDAWARA,NF4,A ZONE,Unio Hilmic
QF4070,SABITH MH NAGAR,NF4,A ZONE,Unio Hilmic
QF4071,UMARUL FAROOQ KOLLAM,NF4,A ZONE,Unio Hilmic
QF4072,SWALAHUDHEEN AYYOOBI CHERIYAPARAMB,NF4,A ZONE,Unio Hilmic
QF4073,SHAKIR POONTHANAM,NF4,A ZONE,Unio Hilmic
QF4074,SAYYID FASALU RAHMAN KARULAI,NF4,A ZONE,Unio Hilmic
QF4075,ADIL SWALAH PANDIKASHALA,NF4,A ZONE,Unio Hilmic
QF4076,AJMAL PATHARAM,NF4,A ZONE,Unio Hilmic
QF4077,SINAN KUTTIKKADAV,NF4,A ZONE,Unio Hilmic
QF4078,UWAIS KODUR,NF4,A ZONE,Unio Hilmic
QF4079,SAHAL CHIYYUR,NF4,A ZONE,Unio Hilmic
QF4080,SINAN TANALUR,NF4,A ZONE,Unio Hilmic
QF4081,JUNAID KODINHI,NF4,A ZONE,Unio Hilmic
QF4082,UKAIS PAKKANA,NF4,A ZONE,Unio Hilmic
QF4083,ABOOBACKER KOOTTILANGADI,NF4,A ZONE,Unio Hilmic
QF4084,YASEEN PATTAMBI,NF4,A ZONE,Unio Hilmic
QF4085,MUHYUDHEEN KIZHAKKANELA,NF4,A ZONE,Unio Hilmic
QF4086,RUHAIF PERUMUGHAM,NF4,A ZONE,Unio Hilmic
QF4087,ANEES,NF4,A ZONE,Unio Hilmic
QF4088,ABOOBACKER RAVOOF,L4,A ZONE,Unio Hilmic
QF4089,MD HAMID RAZA,L4,A ZONE,Unio Hilmic
QF4090,MOHD AHMAD,L4,A ZONE,Unio Hilmic
QF4091,MD ZISHAN RAZA,L4,A ZONE,Unio Hilmic
QF4092,ILMUDEEN RIZVI,L4,A ZONE,Unio Hilmic
QF4093,MASRUF ALAM,L4,A ZONE,Unio Hilmic
QF4094,AHSAN UL HAQ,L4,A ZONE,Unio Hilmic
QF4095,ABDUL ALAM ANSARI,L4,A ZONE,Unio Hilmic
QF4096,SHADAB RAZA,L4,A ZONE,Unio Hilmic
QF4097,JABIR VV,S3,B ZONE,Unio Hilmic
QF4098,ALI UMAR,S3,B ZONE,Unio Hilmic
QF4099,SHIHABUDHEEN,S3,B ZONE,Unio Hilmic
QF4100,ASLAM EDAKKARA,S3,B ZONE,Unio Hilmic
QF4101,SAMAD DEKLA,S3,B ZONE,Unio Hilmic
QF4102,SHAFEEQ KALLADIKODE,S3,B ZONE,Unio Hilmic
QF4103,ISMAEEL EDAPPAL,S3,B ZONE,Unio Hilmic
QF4104,JIMASHAD,S3,B ZONE,Unio Hilmic
QF4105,THAJUDHEEN,S3,B ZONE,Unio Hilmic
QF4106,AMJAD,S3,B ZONE,Unio Hilmic
QF4107,RASHEED,S3,B ZONE,Unio Hilmic
QF4108,ASIM,S3,B ZONE,Unio Hilmic
QF4109,TAMEEZ AHMAD,S3,B ZONE,Unio Hilmic
QF4110,SHUAIB,S3,B ZONE,Unio Hilmic
QF4111,AFSEER,S3,B ZONE,Unio Hilmic
QF4112,K M IBRAHIM MAHAMMAD KANYANA,UT3,B ZONE,Unio Hilmic
QF4113,MOHAMMED SAHEED. KN,UT3,B ZONE,Unio Hilmic
QF4114,MOHAMMAD THOUFEEQ,UT3,B ZONE,Unio Hilmic
QF4115,ABDUL RAOOF K,UT3,B ZONE,Unio Hilmic
QF4116,MUHAMMED SHAMVEEL,UT3,B ZONE,Unio Hilmic
QF4117,ABDUL YASAR K,UT3,B ZONE,Unio Hilmic
QF4118,MOHAMMED ANEES PH KUNJILAM,UT3,B ZONE,Unio Hilmic
QF4119,MUHAMMED UVAIS PARUTHIPPARA,UT3,B ZONE,Unio Hilmic
QF4120,FULAIL,UT3,B ZONE,Unio Hilmic
QF4121,MUKHTHAR,UT3,B ZONE,Unio Hilmic
QF4122,AMEEN AHMAD PS,UT3,B ZONE,Unio Hilmic
QF4123,MUHAMMED SIRAJUDHEEN,UT3,B ZONE,Unio Hilmic
QF4124,MUHAMMED ALI P,UT3,B ZONE,Unio Hilmic
QF4125,MUZAMMIL K EZHILODE,UT3,B ZONE,Unio Hilmic
QF4126,SAFWAN,UH3,B ZONE,Unio Hilmic
QF4127,ARZAN ALI,UH3,B ZONE,Unio Hilmic
QF4128,RASHID KC,UH3,B ZONE,Unio Hilmic
QF4129,SALIKH CT,UH3,B ZONE,Unio Hilmic
QF4130,ABDURAHMAN MUZAMMIL,UH3,B ZONE,Unio Hilmic
QF4131,RIYAS M,UH3,B ZONE,Unio Hilmic
QF4132,ABDURAHMAN T,UH3,B ZONE,Unio Hilmic
QF4133,UBAIDULLAH KT,UH3,B ZONE,Unio Hilmic
QF4134,ALTHAF S,UH3,B ZONE,Unio Hilmic
QF4135,MOIDHEEN SHABAD PA,UH3,B ZONE,Unio Hilmic
QF4136,SAYYID MUHAMMED HABEEB,UH3,B ZONE,Unio Hilmic
QF4137,MAQBUL HUSAIN MADHYA DEOGAON,UH3,B ZONE,Unio Hilmic
QF4138,GULAM YAZDANI CHAHAT PUR,UH3,B ZONE,Unio Hilmic
QF4139,SYED SAJID ALI SHUKLAGANJ,UH3,B ZONE,Unio Hilmic
QF4140,SHAMSHAD ALAM WARD NO 9,UH3,B ZONE,Unio Hilmic
QF4141,MOHAMMAD KHUSHTAR ZAMIRUDDIN TATANAGAR,UH3,B ZONE,Unio Hilmic
QF4142,HABEEB PULIKKAD,ID3,B ZONE,Unio Hilmic
QF4143,JALAL JAILANI KARUPARAMB,ID3,B ZONE,Unio Hilmic
QF4144,MUJTHABA VANIYAMBALAM,ID3,B ZONE,Unio Hilmic
QF4145,THASLEEM FARHAN KUNIYIL,ID3,B ZONE,Unio Hilmic
QF4146,SAYED UMER MIHAD 8/4 CHUNGAM,ID3,B ZONE,Unio Hilmic
QF4147,ISMAIL THWAYYIB KALMINJA,ID3,B ZONE,Unio Hilmic
QF4148,SAYYID KHAJA MUEENUDHEEN VENTHODAN PADI,ID3,B ZONE,Unio Hilmic
QF4149,THWAYYIB,ID3,B ZONE,Unio Hilmic
QF4150,SHAHID VILAYUR,ID3,B ZONE,Unio Hilmic
QF4151,MAHSHOOK IBRAHIM KHALEEL MUDIPU,ID3,B ZONE,Unio Hilmic
QF4152,IYAS PATHINARUNGAL,ID3,B ZONE,Unio Hilmic
QF4153,SWADIK UPPINANGADI,ID3,B ZONE,Unio Hilmic
QF4154,IRFAN EBRAHIM MULAVOOR,ID3,B ZONE,Unio Hilmic
QF4155,ABOOBAKAR AREETHODE,ID3,B ZONE,Unio Hilmic
QF4156,SALMANUL FARISI PUNNAPRA,ID3,B ZONE,Unio Hilmic
QF4157,AS'AD P KAMBALAKKAD,ID3,B ZONE,Unio Hilmic
QF4158,SHAFI JEELANI NAGER,ID3,B ZONE,Unio Hilmic
QF4159,FAWAS THENNALA,ID3,B ZONE,Unio Hilmic
QF4160,SHABEEB OTHUKKUNGAL,ID3,B ZONE,Unio Hilmic
QF4161,SAYYID SWABAHUDHEEN NADUVATTAM,ID3,B ZONE,Unio Hilmic
QF4162,JUBAIR KOTHAMANGALAM,ID3,B ZONE,Unio Hilmic
QF4163,SIDDIQ CHOONAD,ID3,B ZONE,Unio Hilmic
QF4164,UWAIS KMS CHALAKKAL,ID3,B ZONE,Unio Hilmic
QF4165,MUNEER,ID3,B ZONE,Unio Hilmic
QF4166,ABDUL RAOOF TC,NF3,B ZONE,Unio Hilmic
QF4167,AJMAL VK,NF3,B ZONE,Unio Hilmic
QF4168,MUHAMMED MISHAB TK,NF3,B ZONE,Unio Hilmic
QF4169,MUHAMMED SUHAIL CA,NF3,B ZONE,Unio Hilmic
QF4170,MUHAMMED SIRAJ A,NF3,B ZONE,Unio Hilmic
QF4171,MUHAMMED BASITH M,NF3,B ZONE,Unio Hilmic
QF4172,MUHAMMED SHABEEB MM,NF3,B ZONE,Unio Hilmic
QF4173,MUHAMMED JABEER,NF3,B ZONE,Unio Hilmic
QF4174,MUHAMMED MUHSIN EP,NF3,B ZONE,Unio Hilmic
QF4175,MUHAMMED ABDUL QADIR,NF3,B ZONE,Unio Hilmic
QF4176,MUHAMMED SUBHAN KK,NF3,B ZONE,Unio Hilmic
QF4177,AMEEN SHIBLY,NF3,B ZONE,Unio Hilmic
QF4178,MUHAMMED UWAIS NP,NF3,B ZONE,Unio Hilmic
QF4179,MUHAMMED NIYAS OP,NF3,B ZONE,Unio Hilmic
QF4180,AHMED MIDLAJ,NF3,B ZONE,Unio Hilmic
QF4181,ABU SWALIH,NF3,B ZONE,Unio Hilmic
QF4182,MUHAMMED ALI AJBER,NF3,B ZONE,Unio Hilmic
QF4183,MUHAMMED JALALUDHEEN T,NF3,B ZONE,Unio Hilmic
QF4184,YASEEN MUBASHIR,NF3,B ZONE,Unio Hilmic
QF4185,MUHAMMED ABDUL GAFOOR,NF3,B ZONE,Unio Hilmic
QF4186,MUHAMMED SAHEED TP,NF3,B ZONE,Unio Hilmic
QF4187,ABDUL BASITH MA,NF3,B ZONE,Unio Hilmic
QF4188,SAYYID M IRFAN,NF3,B ZONE,Unio Hilmic
QF4189,ABDULLAH,NF3,B ZONE,Unio Hilmic
QF4190,AHMAD RAZA,L3,B ZONE,Unio Hilmic
QF4191,ABDUL WAHID,L3,B ZONE,Unio Hilmic
QF4192,SYED SHAHWALI,L3,B ZONE,Unio Hilmic
QF4193,MD NABIL,L3,B ZONE,Unio Hilmic
QF4194,MUSLIM ALI,L3,B ZONE,Unio Hilmic
QF4195,AZHARUDDIN,L3,B ZONE,Unio Hilmic
QF4196,MOHD ZAKI ANWAR,L3,B ZONE,Unio Hilmic
QF4197,MD SHAHABUDDIN,L3,B ZONE,Unio Hilmic
QF4198,MOHD UBEAS,L3,B ZONE,Unio Hilmic
QF4199,YASEEN AKHTAR,L3,B ZONE,Unio Hilmic
QF4200,IMDAD ALI,L3,B ZONE,Unio Hilmic
QF4201,MOHAMMED IRFAN C M,L3,B ZONE,Unio Hilmic
QF4202,MOHAMMAD TASADDUQ HUSSAIN,L2,C ZONE,Unio Hilmic
QF4203,JISHAN RAJA,L2,C ZONE,Unio Hilmic
QF4204,GULAM MURTAJA,L2,C ZONE,Unio Hilmic
QF4205,JAMIUL KHAN,L2,C ZONE,Unio Hilmic
QF4206,MD HASSEN ALI,L2,C ZONE,Unio Hilmic
QF4207,HASAN RAZA,L2,C ZONE,Unio Hilmic
QF4208,MAHAFUZ RAZA,L2,C ZONE,Unio Hilmic
QF4209,MAHBOOBALI,L2,C ZONE,Unio Hilmic
QF4210,MD ADNAN,L2,C ZONE,Unio Hilmic
QF4211,REYAZ AHMAD,L2,C ZONE,Unio Hilmic
QF4212,MOHAMMAD TASHFI HASAN,L2,C ZONE,Unio Hilmic
QF4213,JUNAID VILLYAPALLI,U2,C ZONE,Unio Hilmic
QF4214,ALTHAF POLOOR,U2,C ZONE,Unio Hilmic
QF4215,RAHMATHULLA PARAPPANANGADI,U2,C ZONE,Unio Hilmic
QF4216,MUNAVVAR MUAD,U2,C ZONE,Unio Hilmic
QF4217,NIJAD ENGAPUZHA,U2,C ZONE,Unio Hilmic
QF4218,ABOOTHWAHIR NK,U2,C ZONE,Unio Hilmic
QF4219,MUHAMMAD FADHIL A,U2,C ZONE,Unio Hilmic
QF4220,MUHAMMAD MASOOD,U2,C ZONE,Unio Hilmic
QF4221,ABDULLAH R,U2,C ZONE,Unio Hilmic
QF4222,MUHAMMAD ASHIQ T,U2,C ZONE,Unio Hilmic
QF4223,HABEEBURAHMAN THALAKKADATHUR,U2,C ZONE,Unio Hilmic
QF4224,YASEEN KGM,U1,C ZONE,Unio Hilmic
QF4225,TAJUDHEEN PGM,U1,C ZONE,Unio Hilmic
QF4226,VAHAB NOOJI,U1,C ZONE,Unio Hilmic
QF4227,TUFAIL,U1,C ZONE,Unio Hilmic
QF4228,ANAS ADANY,TQS,A ZONE,Unio Hilmic
QF4229,HASEEB VENNIYUR,NF4,A ZONE,Unio Hilmic
QF4230,THWAYYIB IRITTY,UH3,B ZONE,Unio Hilmic
QF4231,ABDUL FATHAH TM,S4,A ZONE,Unio Hilmic
QF4232,ASHIQ MUNDAMBRA,UT4,A ZONE,Unio Hilmic
QF5001,YASEEN MANGAD,TQS,A ZONE,Yugo Rushdic
QF5002,MAHIN ABOOBACKER,TQS,A ZONE,Yugo Rushdic
QF5003,UVAIS CHANGALEERI,TQS,A ZONE,Yugo Rushdic
QF5004,HAKEEM TENGUMUNDA,TQS,A ZONE,Yugo Rushdic
QF5005,ANWAR SADATH,TQS,A ZONE,Yugo Rushdic
QF5006,AHMAD SHAKIR,TQS,A ZONE,Yugo Rushdic
QF5007,MUHAMMED FAIZAL P,S4,A ZONE,Yugo Rushdic
QF5008,MUHAMMED NABEEL,S4,A ZONE,Yugo Rushdic
QF5009,MUHAMMAD ABOOBAKKAR SIDDEEQ,S4,A ZONE,Yugo Rushdic
QF5010,MAHMOOD ANVAR SADATH,S4,A ZONE,Yugo Rushdic
QF5011,MUHAMMAD RIYAZ,S4,A ZONE,Yugo Rushdic
QF5012,AHAMMED FARHAN KP,S4,A ZONE,Yugo Rushdic
QF5013,THWAHIR MAHMOOD,S4,A ZONE,Yugo Rushdic
QF5014,N SAFWAN ALI,S4,A ZONE,Yugo Rushdic
QF5015,SAFVAN FAYIS M. T,S4,A ZONE,Yugo Rushdic
QF5016,MUHAMMED SABITH T,S4,A ZONE,Yugo Rushdic
QF5017,MUHAMMED SINAN.M,S4,A ZONE,Yugo Rushdic
QF5018,JASHIM CA,S4,A ZONE,Yugo Rushdic
QF5019,ABDUL RAFI,S4,A ZONE,Yugo Rushdic
QF5020,SHAKEEB ALI MK,S4,A ZONE,Yugo Rushdic
QF5021,MUHAMMED UMAIR T,S4,A ZONE,Yugo Rushdic
QF5022,SWALAHUDHEEN KOPPAM,UT4,A ZONE,Yugo Rushdic
QF5023,SAVAD VILAYOOR,UT4,A ZONE,Yugo Rushdic
QF5024,KASIM,UT4,A ZONE,Yugo Rushdic
QF5025,SUHAIL MANI,UT4,A ZONE,Yugo Rushdic
QF5026,IBRAHIM BADHUSHA,UT4,A ZONE,Yugo Rushdic
QF5027,AMEEN KOOTILANGADY,UT4,A ZONE,Yugo Rushdic
QF5028,MUHAIMIN PANNUR,UT4,A ZONE,Yugo Rushdic
QF5029,ASLAM PANTHEERANKAVU,UT4,A ZONE,Yugo Rushdic
QF5030,ABDUL LATHEEF,UT4,A ZONE,Yugo Rushdic
QF5031,SINAN MADASSERY,UT4,A ZONE,Yugo Rushdic
QF5032,MUHAMMED JABIR,UH4,A ZONE,Yugo Rushdic
QF5033,MUHAMMED NAWAZ,UH4,A ZONE,Yugo Rushdic
QF5034,MUZAMMIL KC,UH4,A ZONE,Yugo Rushdic
QF5035,MUHAMMED MUSTHAFA YM,UH4,A ZONE,Yugo Rushdic
QF5036,MUHAMMED SINAN K,UH4,A ZONE,Yugo Rushdic
QF5037,MUHAMMED AMEEN OK,UH4,A ZONE,Yugo Rushdic
QF5038,MUHAMMED ABDUL BASITH KP,UH4,A ZONE,Yugo Rushdic
QF5039,MUHAMMED MUZAMMIL PA,UH4,A ZONE,Yugo Rushdic
QF5040,MUHAMMED SHAFI,UH4,A ZONE,Yugo Rushdic
QF5041,MUHAMMED FAYIS KP,UH4,A ZONE,Yugo Rushdic
QF5042,IRSHAD AHMAD,UH4,A ZONE,Yugo Rushdic
QF5043,SAYID AHMAD ALI,UH4,A ZONE,Yugo Rushdic
QF5044,PATHAN JILANI,UH4,A ZONE,Yugo Rushdic
QF5045,TABREJ ALAM,UH4,A ZONE,Yugo Rushdic
QF5046,MOHAMMAD SUHAIL ATHAVANAD,UH4,A ZONE,Yugo Rushdic
QF5047,JABIR KARAD,ID4,A ZONE,Yugo Rushdic
QF5048,SHAHEER BOMAKATTE,ID4,A ZONE,Yugo Rushdic
QF5049,SHAFI TRISR,ID4,A ZONE,Yugo Rushdic
QF5050,MUZAMMIL THANUR,ID4,A ZONE,Yugo Rushdic
QF5051,ISHAQ,ID4,A ZONE,Yugo Rushdic
QF5052,RIYAS,ID4,A ZONE,Yugo Rushdic
QF5053,ANAS PP,ID4,A ZONE,Yugo Rushdic
QF5054,AYYOB,ID4,A ZONE,Yugo Rushdic
QF5055,SHABEEB P,ID4,A ZONE,Yugo Rushdic
QF5056,SALMAN KANIYAMPATTA,ID4,A ZONE,Yugo Rushdic
QF5057,ABOO THAHIR,ID4,A ZONE,Yugo Rushdic
QF5058,SHIBIL,ID4,A ZONE,Yugo Rushdic
QF5059,RAYYAN,ID4,A ZONE,Yugo Rushdic
QF5060,UVAIS POONUR,ID4,A ZONE,Yugo Rushdic
QF5061,HAFIZ MARUTHA,ID4,A ZONE,Yugo Rushdic
QF5062,ABDURAHMAN,ID4,A ZONE,Yugo Rushdic
QF5063,RILA MOONNIYOOR,ID4,A ZONE,Yugo Rushdic
QF5064,LUKUMANUL HAKEEM,ID4,A ZONE,Yugo Rushdic
QF5065,SUHAIL ALAPPUZHA,ID4,A ZONE,Yugo Rushdic
QF5066,THABSHEER,ID4,A ZONE,Yugo Rushdic
QF5067,BILAL THURAKALPADI,NF4,A ZONE,Yugo Rushdic
QF5068,ASIF SHAHEER EDAKKULAM,NF4,A ZONE,Yugo Rushdic
QF5069,THWALHATH AYATHIL,NF4,A ZONE,Yugo Rushdic
QF5070,JAMEEL MOHAMMAD IRFAN NAGERCOIL,NF4,A ZONE,Yugo Rushdic
QF5071,YASIR CHUZHALI,NF4,A ZONE,Yugo Rushdic
QF5072,SHAFEEQ THIRUNNAVAYA,NF4,A ZONE,Yugo Rushdic
QF5073,ABU THWAHIR ARIYOOR,NF4,A ZONE,Yugo Rushdic
QF5074,UNAIS VETTICHIRA,NF4,A ZONE,Yugo Rushdic
QF5075,ANWAR PADIKKAL,NF4,A ZONE,Yugo Rushdic
QF5076,ASHKAR ASHRAF MANNANCHERY,NF4,A ZONE,Yugo Rushdic
QF5077,ABDULLA JASEEM ISHWARAMANAGALA,NF4,A ZONE,Yugo Rushdic
QF5078,MUSTHAFA AYANKALAM,NF4,A ZONE,Yugo Rushdic
QF5079,ANSHAD THUVVAKKAD,NF4,A ZONE,Yugo Rushdic
QF5080,MUDASSIR KC ROAD,NF4,A ZONE,Yugo Rushdic
QF5081,YASIR KOTTAKKAL,NF4,A ZONE,Yugo Rushdic
QF5082,SWALAH PANNIPPARA,NF4,A ZONE,Yugo Rushdic
QF5083,MUSTHAFA PARAPPU,NF4,A ZONE,Yugo Rushdic
QF5084,AMEEN RIYAS RIPPON,NF4,A ZONE,Yugo Rushdic
QF5085,NAJIH PAYYOLI ANGADI,NF4,A ZONE,Yugo Rushdic
QF5086,SAFWAN NILAMBUR,NF4,A ZONE,Yugo Rushdic
QF5087,SAYYID JUNAID NEERKUNNAM,NF4,A ZONE,Yugo Rushdic
QF5088,RAFEEQ,NF4,A ZONE,Yugo Rushdic
QF5089,SIKANDAR KHAN,L4,A ZONE,Yugo Rushdic
QF5090,MUHAMMED RASHID KA,L4,A ZONE,Yugo Rushdic
QF5091,SAIF SIDDIQUI,L4,A ZONE,Yugo Rushdic
QF5092,MOHD HUSAIN,L4,A ZONE,Yugo Rushdic
QF5093,MOHAMMAD AFTAB,L4,A ZONE,Yugo Rushdic
QF5094,MD ZAINUL ABDIN MIRANI,L4,A ZONE,Yugo Rushdic
QF5095,MD AZAD ANSARI,L4,A ZONE,Yugo Rushdic
QF5096,MD ZISHAN ASHRAF,L4,A ZONE,Yugo Rushdic
QF5097,SABITH NOCHIMA,S3,B ZONE,Yugo Rushdic
QF5098,RAMEES,S3,B ZONE,Yugo Rushdic
QF5099,MUBASHIR,S3,B ZONE,Yugo Rushdic
QF5100,SWALAHUDHEEN MUKKAM,S3,B ZONE,Yugo Rushdic
QF5101,HABEEB RAHMAN,S3,B ZONE,Yugo Rushdic
QF5102,SHAMSUDHEEN KUDRADKA,S3,B ZONE,Yugo Rushdic
QF5103,JOUHAR KARUVANKALL,S3,B ZONE,Yugo Rushdic
QF5104,MUZAMMIL KAJOOR,S3,B ZONE,Yugo Rushdic
QF5105,NASIL KURUKKOLE,S3,B ZONE,Yugo Rushdic
QF5106,ANAS CP,S3,B ZONE,Yugo Rushdic
QF5107,BISHRUL HAFI,S3,B ZONE,Yugo Rushdic
QF5108,IBRAHIM BATHISHA,S3,B ZONE,Yugo Rushdic
QF5109,ZAKVAN MADAVU,S3,B ZONE,Yugo Rushdic
QF5110,MUNDIR VM,S3,B ZONE,Yugo Rushdic
QF5111,SYD MUHAMMED BAFAKI,S3,B ZONE,Yugo Rushdic
QF5112,MUHAMMED RAFI PK,UT3,B ZONE,Yugo Rushdic
QF5113,MOHAMMED SHEIKH SHAMSUDDIN,UT3,B ZONE,Yugo Rushdic
QF5114,MUHAMMED ANSAR P P,UT3,B ZONE,Yugo Rushdic
QF5115,MOHAMAD ANEES P K,UT3,B ZONE,Yugo Rushdic
QF5116,SAYYID ISHAQ THANGAL,UT3,B ZONE,Yugo Rushdic
QF5117,ABDUL RAUOOF M,UT3,B ZONE,Yugo Rushdic
QF5118,MUHAMMED KHAIS M T,UT3,B ZONE,Yugo Rushdic
QF5119,UVAIS P,UT3,B ZONE,Yugo Rushdic
QF5120,HASSAN,UT3,B ZONE,Yugo Rushdic
QF5121,ABDURAHMAN,UT3,B ZONE,Yugo Rushdic
QF5122,MUHAMMED ADIL PALANGAD,UT3,B ZONE,Yugo Rushdic
QF5123,MUJTHABA,UT3,B ZONE,Yugo Rushdic
QF5124,MUHAMMED ZIYAD,UT3,B ZONE,Yugo Rushdic
QF5125,MUHAMMED SINAN KAVANUR,UT3,B ZONE,Yugo Rushdic
QF5126,ASHIK MANGALORE,UT3,B ZONE,Yugo Rushdic
QF5127,BADHARUDHEEN,UH3,B ZONE,Yugo Rushdic
QF5128,SAIFUDHEEN PP,UH3,B ZONE,Yugo Rushdic
QF5129,ANWAR SADIQ N,UH3,B ZONE,Yugo Rushdic
QF5130,AJMAL CK,UH3,B ZONE,Yugo Rushdic
QF5131,ABDUL RAHMAN MP,UH3,B ZONE,Yugo Rushdic
QF5132,MUSHTHAQ K,UH3,B ZONE,Yugo Rushdic
QF5133,MIDLAJ BA,UH3,B ZONE,Yugo Rushdic
QF5134,MUHAMMED FASIL P,UH3,B ZONE,Yugo Rushdic
QF5135,SALIM NP,UH3,B ZONE,Yugo Rushdic
QF5136,ASHIQ ABDULLAH,UH3,B ZONE,Yugo Rushdic
QF5137,MUHAMMED BISHR M,UH3,B ZONE,Yugo Rushdic
QF5138,BILA RAZA BANKRA,UH3,B ZONE,Yugo Rushdic
QF5139,JUNAID AHMAD RAIPUR,UH3,B ZONE,Yugo Rushdic
QF5140,MOHAMMAD ARSHAD ANSARI - ANSARI MAHOLLA,UH3,B ZONE,Yugo Rushdic
QF5141,TARIQUE ANWAR BODHNA BISHANPUR,UH3,B ZONE,Yugo Rushdic
QF5142,INSAR ALI GUDHIA,UH3,B ZONE,Yugo Rushdic
QF5143,MAHMOOD ALI MARANCHERY,ID3,B ZONE,Yugo Rushdic
QF5144,ASHIK PUNJALAKATTE,ID3,B ZONE,Yugo Rushdic
QF5145,AHMED KABEER PAYANGADI,ID3,B ZONE,Yugo Rushdic
QF5146,AHAMMAD UNAIS JAYANAGARA,ID3,B ZONE,Yugo Rushdic
QF5147,RABEEH PERUVAYAL,ID3,B ZONE,Yugo Rushdic
QF5148,HASHIR TA KOTYADI,ID3,B ZONE,Yugo Rushdic
QF5149,ASLSH PARAVOOR,ID3,B ZONE,Yugo Rushdic
QF5150,ANEES BELMA KALPADE,ID3,B ZONE,Yugo Rushdic
QF5151,SAHAD ALUNGAPPARAMB,ID3,B ZONE,Yugo Rushdic
QF5152,ZAINUDHEEN PUTHANATHANI,ID3,B ZONE,Yugo Rushdic
QF5153,SHAHAZ THUMBAY,ID3,B ZONE,Yugo Rushdic
QF5154,BASITH KONDOTTY,ID3,B ZONE,Yugo Rushdic
QF5155,ASLAM KORAD,ID3,B ZONE,Yugo Rushdic
QF5156,MUBASHIR GUDALLUR,ID3,B ZONE,Yugo Rushdic
QF5157,AHMED SONKAL,ID3,B ZONE,Yugo Rushdic
QF5158,SHAHID SAMSE,ID3,B ZONE,Yugo Rushdic
QF5159,MUHAMMAD ALI NAVOOR,ID3,B ZONE,Yugo Rushdic
QF5160,NASIH,ID3,B ZONE,Yugo Rushdic
QF5161,MUHAMMED ANSAD KABAKA,ID3,B ZONE,Yugo Rushdic
QF5162,ASHIQUE VENKULAM,ID3,B ZONE,Yugo Rushdic
QF5163,BILAL AMBALAPPUZHA,ID3,B ZONE,Yugo Rushdic
QF5164,ABDUSSADIK PANDIYATTPURAM,ID3,B ZONE,Yugo Rushdic
QF5165,MUBASHIR MUTHANGA,ID3,B ZONE,Yugo Rushdic
QF5166,THANSEEH,ID3,B ZONE,Yugo Rushdic
QF5167,HABEEBU RAHMAN,NF3,B ZONE,Yugo Rushdic
QF5168,NAVEED,NF3,B ZONE,Yugo Rushdic
QF5169,SWALIH AK,NF3,B ZONE,Yugo Rushdic
QF5170,ABDULLA MUHAMMED,NF3,B ZONE,Yugo Rushdic
QF5171,MUHAMMED SWALAHUDHEEN,NF3,B ZONE,Yugo Rushdic
QF5172,MUHAMMED SHAHEER,NF3,B ZONE,Yugo Rushdic
QF5173,MUHAMMED AMEEN TK,NF3,B ZONE,Yugo Rushdic
QF5174,MUHAMMED IRSHAD K,NF3,B ZONE,Yugo Rushdic
QF5175,ABDUL BASITH,NF3,B ZONE,Yugo Rushdic
QF5176,MUHAMMED AFNAN C,NF3,B ZONE,Yugo Rushdic
QF5177,ABDUL BASITH MT,NF3,B ZONE,Yugo Rushdic
QF5178,MUHAMMED SINAN RTK,NF3,B ZONE,Yugo Rushdic
QF5179,MUHAMMED ASLAM,NF3,B ZONE,Yugo Rushdic
QF5180,MUHAMMED RABEEH MC,NF3,B ZONE,Yugo Rushdic
QF5181,SHAMMAS MM,NF3,B ZONE,Yugo Rushdic
QF5182,MUHAMMED MUSTHAFA,NF3,B ZONE,Yugo Rushdic
QF5183,MUHAMMED RASHID MC,NF3,B ZONE,Yugo Rushdic
QF5184,BA MISBAHUDHEEN,NF3,B ZONE,Yugo Rushdic
QF5185,HASHIR TM,NF3,B ZONE,Yugo Rushdic
QF5186,MUHAMMED ANSWAB,NF3,B ZONE,Yugo Rushdic
QF5187,MUHAMMED JAVAD B,NF3,B ZONE,Yugo Rushdic
QF5188,MUHINUDHEEN RAZI,NF3,B ZONE,Yugo Rushdic
QF5189,MUHAMMED THAMEEM BAHASAN,NF3,B ZONE,Yugo Rushdic
QF5190,MUHAMMED RIZWAN,NF3,B ZONE,Yugo Rushdic
QF5191,SAYYID JAFAR ARAFATH,NF3,B ZONE,Yugo Rushdic
QF5192,MD ILHAM ANSARI,L3,B ZONE,Yugo Rushdic
QF5193,MD.UMAR FAROOQUE,L3,B ZONE,Yugo Rushdic
QF5194,MOHAMMAD NOMAN,L3,B ZONE,Yugo Rushdic
QF5195,MO,DANISH,L3,B ZONE,Yugo Rushdic
QF5196,MOHD MANZOOR ALAM,L3,B ZONE,Yugo Rushdic
QF5197,HUSEN KHAN,L3,B ZONE,Yugo Rushdic
QF5198,FATEH MOHAMMED,L3,B ZONE,Yugo Rushdic
QF5199,NAVEED AHMED,L3,B ZONE,Yugo Rushdic
QF5200,ALI HASAN,L3,B ZONE,Yugo Rushdic
QF5201,FARUKH KHAN,L3,B ZONE,Yugo Rushdic
QF5202,MUHAMMAD AFSAL MF,L3,B ZONE,Yugo Rushdic
QF5203,AHMED ZAINUDHEEN (SHIBIN),L3,B ZONE,Yugo Rushdic
QF5204,SHAHNAWAZ ANSARI,L2,C ZONE,Yugo Rushdic
QF5205,SAHAJAHAN RAZA,L2,C ZONE,Yugo Rushdic
QF5206,ABDUL QADIR PATHAN,L2,C ZONE,Yugo Rushdic
QF5207,FIRDOS ANSARI,L2,C ZONE,Yugo Rushdic
QF5208,MUHAMMAD SAHIL HABIBI,L2,C ZONE,Yugo Rushdic
QF5209,MD HASAN RAZA,L2,C ZONE,Yugo Rushdic
QF5210,MUZFFAR RAZA,L2,C ZONE,Yugo Rushdic
QF5211,MOHAMMAD REHAN,L2,C ZONE,Yugo Rushdic
QF5212,NOOR MUHAMMAD,L2,C ZONE,Yugo Rushdic
QF5213,MOHAMMAD HANIF,L2,C ZONE,Yugo Rushdic
QF5214,BADHUSHA KOTTAYAM,U2,C ZONE,Yugo Rushdic
QF5215,NISHAD ELANKOOR,U2,C ZONE,Yugo Rushdic
QF5216,MIDLAJ VALLYAD,U2,C ZONE,Yugo Rushdic
QF5217,SUFYAN VIYINJAM,U2,C ZONE,Yugo Rushdic
QF5218,ABDUL KAREEM,U2,C ZONE,Yugo Rushdic
QF5219,ABDUL RAHMAN KP,U2,C ZONE,Yugo Rushdic
QF5220,MOHAMMAD SHIBILI E,U2,C ZONE,Yugo Rushdic
QF5221,MUHAMMAD SABITH TK,U2,C ZONE,Yugo Rushdic
QF5222,MUHAMMAD BILAL,U2,C ZONE,Yugo Rushdic
QF5223,MUHAMMAD SWAFWAN M MAMBATTUMOOLA,U2,C ZONE,Yugo Rushdic
QF5224,ASHIF TANALUR,U2,C ZONE,Yugo Rushdic
QF5225,RASHID PULPATTA,U2,C ZONE,Yugo Rushdic
QF5226,LABEEB KATTIPPARA,U1,C ZONE,Yugo Rushdic
QF5227,VAHID KODASSERI,U1,C ZONE,Yugo Rushdic
QF5228,HADHIL MELEKKALAM,U1,C ZONE,Yugo Rushdic
QF5229,NASIH CHELARI,U1,C ZONE,Yugo Rushdic
QF5230,JABIR SAQAFI,TQS,A ZONE,Yugo Rushdic
QF5231,SALMAN PAKKANA,UH4,A ZONE,Yugo Rushdic
QF5232,JAISAL KUFA,S3,B ZONE,Yugo Rushdic
QF5233,MOHAMED BUJAIR NP,S4,A ZONE,Yugo Rushdic
QF5234,ISMAEEL PARAPPU,S3,B ZONE,Yugo Rushdic
QF5235,MUHSIN BALLOR,NF4,A ZONE,Yugo Rushdic
